,precision,recall,f1-score,support
1.0,0.7882436260623229,0.795,0.7916073968705548,1400.0
2.0,0.6663851351351351,0.5635714285714286,0.6106811145510835,1400.0
3.0,0.7603043753963221,0.8564285714285714,0.8055089015787705,1400.0
4.0,0.9663629992992292,0.985,0.9755925008843297,1400.0
accuracy,0.8,0.8,0.8,0.8
macro avg,0.7953240339732524,0.7999999999999999,0.7958474784711846,5600.0
weighted avg,0.7953240339732522,0.8,0.7958474784711846,5600.0
