,precision,recall,f1-score,support
1.0,0.7571428571428571,0.7910447761194029,0.7737226277372263,402.0
2.0,0.6320224719101124,0.5597014925373134,0.5936675461741425,402.0
3.0,0.7733644859813084,0.8233830845771144,0.7975903614457831,402.0
4.0,0.9653465346534653,0.9701492537313433,0.967741935483871,402.0
accuracy,0.7860696517412935,0.7860696517412935,0.7860696517412935,0.7860696517412935
macro avg,0.7819690874219358,0.7860696517412935,0.7831806177102557,1608.0
weighted avg,0.7819690874219357,0.7860696517412935,0.7831806177102557,1608.0
