,precision,recall,f1-score,support
1.0,0.7837837837837838,0.7323232323232324,0.7571801566579635,198.0
2.0,0.6292134831460674,0.5656565656565656,0.5957446808510638,198.0
3.0,0.7454545454545455,0.8282828282828283,0.784688995215311,198.0
4.0,0.937799043062201,0.98989898989899,0.9631449631449631,198.0
accuracy,0.7790404040404041,0.7790404040404041,0.7790404040404041,0.7790404040404041
macro avg,0.7740627138616494,0.7790404040404041,0.7751896989673254,792.0
weighted avg,0.7740627138616493,0.7790404040404041,0.7751896989673253,792.0
