,precision,recall,f1-score,support
1.0,0.8303437967115097,0.7935714285714286,0.8115412710007305,1400.0
2.0,0.6630286493860846,0.6942857142857143,0.6782972784368457,1400.0
3.0,0.7937995674116799,0.7864285714285715,0.790096878363832,1400.0
4.0,0.9510290986515259,0.9571428571428572,0.9540761836952653,1400.0
accuracy,0.8078571428571428,0.8078571428571428,0.8078571428571428,0.8078571428571428
macro avg,0.8095502780402,0.8078571428571429,0.8085029028741684,5600.0
weighted avg,0.8095502780402001,0.8078571428571428,0.8085029028741685,5600.0
