,precision,recall,f1-score,support
1.0,0.8222222222222222,0.7474747474747475,0.783068783068783,198.0
2.0,0.6396396396396397,0.7171717171717171,0.6761904761904762,198.0
3.0,0.7925531914893617,0.7525252525252525,0.772020725388601,198.0
4.0,0.9356435643564357,0.9545454545454546,0.945,198.0
accuracy,0.7929292929292929,0.7929292929292929,0.7929292929292929,0.7929292929292929
macro avg,0.7975146544269147,0.7929292929292929,0.794069996161965,792.0
weighted avg,0.7975146544269148,0.7929292929292929,0.794069996161965,792.0
