,precision,recall,f1-score,support
1.0,0.7857142857142857,0.8111111111111111,0.7982107355864811,990.0
2.0,0.6232427366447985,0.6717171717171717,0.6465726786582402,990.0
3.0,0.8374439461883408,0.7545454545454545,0.793836344314559,990.0
4.0,0.9734422880490297,0.9626262626262626,0.9680040629761301,990.0
accuracy,0.8,0.8,0.8,0.8
macro avg,0.8049608141491136,0.8,0.8016559553838526,3960.0
weighted avg,0.8049608141491136,0.8,0.8016559553838526,3960.0
