,precision,recall,f1-score,support
1.0,0.7888994954316105,0.8264285714285714,0.8072280750715133,7000.0
2.0,0.6365700547615868,0.6808571428571428,0.6579692137778698,7000.0
3.0,0.8469568010277823,0.7534285714285714,0.7974597414379678,7000.0
4.0,0.9853300733496333,0.9787142857142858,0.9820110370529636,7000.0
accuracy,0.8098571428571428,0.8098571428571428,0.8098571428571428,0.8098571428571428
macro avg,0.8144391061426532,0.8098571428571428,0.8111670168350786,28000.0
weighted avg,0.8144391061426531,0.8098571428571428,0.8111670168350786,28000.0
