,precision,recall,f1-score,support
1.0,0.7689784442361762,0.8164179104477612,0.791988416988417,2010.0
2.0,0.6247030878859857,0.654228855721393,0.6391251518833536,2010.0
3.0,0.8431044109436069,0.7512437810945274,0.7945277558537227,2010.0
4.0,0.9741293532338309,0.9741293532338309,0.9741293532338309,2010.0
accuracy,0.7990049751243781,0.7990049751243781,0.7990049751243781,0.7990049751243781
macro avg,0.8027288240749,0.7990049751243782,0.7999426694898311,8040.0
weighted avg,0.8027288240749,0.7990049751243781,0.7999426694898311,8040.0
