,precision,recall,f1-score,support
1.0,0.3132971233152283,0.7748258706467662,0.4461824953445065,10050.0
2.0,0.3192660550458716,0.017313432835820895,0.03284568192543653,10050.0
3.0,0.3282500953107129,0.08567164179104478,0.13587942870669928,10050.0
4.0,0.6937669376693767,0.8405970149253731,0.7601565663382372,10050.0
accuracy,0.42960199004975125,0.42960199004975125,0.42960199004975125,0.42960199004975125
macro avg,0.4136450528352974,0.42960199004975125,0.3437660430787199,40200.0
weighted avg,0.4136450528352973,0.42960199004975125,0.3437660430787199,40200.0
