,precision,recall,f1-score,support
1.0,0.31231647634584014,0.7735353535353535,0.4449738524113887,4950.0
2.0,0.3088235294117647,0.01696969696969697,0.032171581769437,4950.0
3.0,0.32505818463925523,0.08464646464646465,0.1343163968584709,4950.0
4.0,0.6949322629202208,0.8393939393939394,0.7603623387318145,4950.0
accuracy,0.42863636363636365,0.42863636363636365,0.42863636363636365,0.42863636363636365
macro avg,0.41028261332927024,0.4286363636363636,0.3429560424427778,19800.0
weighted avg,0.4102826133292702,0.42863636363636365,0.3429560424427778,19800.0
