,precision,recall,f1-score,support
1.0,0.31484423568418873,0.7813714285714286,0.4488355681016232,35000.0
2.0,0.3452574525745257,0.0182,0.0345772832134618,35000.0
3.0,0.33181464607178573,0.08531428571428572,0.13573035750812518,35000.0
4.0,0.7012105736038209,0.8473428571428572,0.7673816855124589,35000.0
accuracy,0.43305714285714286,0.43305714285714286,0.43305714285714286,0.43305714285714286
macro avg,0.42328172698358024,0.43305714285714286,0.3466312235839173,140000.0
weighted avg,0.42328172698358024,0.43305714285714286,0.34663122358391724,140000.0
