,precision,recall,f1-score,support
1,0.45098039215686275,0.6216216216216216,0.5227272727272727,74.0
2,0.6666666666666666,0.024390243902439025,0.047058823529411764,82.0
3,0.5294117647058824,0.32926829268292684,0.40601503759398494,82.0
4,0.3780487804878049,0.7560975609756098,0.5040650406504065,82.0
accuracy,0.428125,0.428125,0.428125,0.428125
macro avg,0.5062769010043041,0.4328444297956493,0.369966543625269,320.0
weighted avg,0.5076593137254901,0.428125,0.36614752539771883,320.0
