,precision,recall,f1-score,support
1.0,0.4817073170731707,0.39303482587064675,0.4328767123287671,201.0
2.0,0.3448275862068966,0.24875621890547264,0.28901734104046245,201.0
3.0,0.4509090909090909,0.6169154228855721,0.5210084033613446,201.0
4.0,0.8045454545454546,0.8805970149253731,0.8408551068883611,201.0
accuracy,0.5348258706467661,0.5348258706467661,0.5348258706467661,0.5348258706467661
macro avg,0.5204973621836532,0.5348258706467661,0.5209393909047338,804.0
weighted avg,0.5204973621836532,0.5348258706467661,0.5209393909047338,804.0
