,precision,recall,f1-score,support
1.0,0.5236486486486487,0.44285714285714284,0.47987616099071206,700.0
2.0,0.37318840579710144,0.29428571428571426,0.329073482428115,700.0
3.0,0.446985446985447,0.6142857142857143,0.5174488567990373,700.0
4.0,0.8342939481268011,0.8271428571428572,0.830703012912482,700.0
accuracy,0.5446428571428571,0.5446428571428571,0.5446428571428571,0.5446428571428571
macro avg,0.5445291123894995,0.5446428571428572,0.5392753782825865,2800.0
weighted avg,0.5445291123894995,0.5446428571428571,0.5392753782825866,2800.0
