,precision,recall,f1-score,support
1.0,0.4125,0.3333333333333333,0.3687150837988827,99.0
2.0,0.20270270270270271,0.15151515151515152,0.17341040462427745,99.0
3.0,0.4178082191780822,0.6161616161616161,0.49795918367346936,99.0
4.0,0.75,0.7272727272727273,0.7384615384615385,99.0
accuracy,0.45707070707070707,0.45707070707070707,0.45707070707070707,0.45707070707070707
macro avg,0.44575273047019626,0.45707070707070707,0.444636552639542,396.0
weighted avg,0.44575273047019626,0.45707070707070707,0.444636552639542,396.0
