,precision,recall,f1-score,support
1.0,0.8461061123177164,0.7791428571428571,0.8112449799196787,3500.0
2.0,0.6883233532934132,0.6568571428571428,0.6722222222222223,3500.0
3.0,0.75348013161225,0.8505714285714285,0.7990873708227083,3500.0
4.0,0.9449225473321858,0.9411428571428572,0.9430289149728027,3500.0
accuracy,0.8069285714285714,0.8069285714285714,0.8069285714285714,0.8069285714285714
macro avg,0.8082080361388914,0.8069285714285714,0.806395871984353,14000.0
weighted avg,0.8082080361388913,0.8069285714285714,0.806395871984353,14000.0
