,precision,recall,f1-score,support
1.0,0.8086021505376344,0.7595959595959596,0.7833333333333333,495.0
2.0,0.6883116883116883,0.6424242424242425,0.664576802507837,495.0
3.0,0.7441441441441441,0.8343434343434344,0.7866666666666666,495.0
4.0,0.9176706827309237,0.9232323232323232,0.9204431017119838,495.0
accuracy,0.7898989898989899,0.7898989898989899,0.7898989898989899,0.7898989898989899
macro avg,0.7896821664310976,0.7898989898989899,0.7887549760549551,1980.0
weighted avg,0.7896821664310977,0.7898989898989899,0.7887549760549551,1980.0
