,precision,recall,f1-score,support
1.0,0.8374864572047671,0.7691542288557214,0.8018672199170125,1005.0
2.0,0.7008456659619451,0.6597014925373135,0.6796514607893388,1005.0
3.0,0.75,0.8417910447761194,0.7932489451476793,1005.0
4.0,0.9247311827956989,0.9412935323383085,0.9329388560157791,1005.0
accuracy,0.8029850746268656,0.8029850746268656,0.8029850746268656,0.8029850746268656
macro avg,0.8032658264906027,0.8029850746268656,0.8019266204674524,4020.0
weighted avg,0.8032658264906029,0.8029850746268656,0.8019266204674523,4020.0
