,precision,recall,f1-score,support
1.0,0.0,0.0,0.0,40.0
2.0,0.0,0.0,0.0,40.0
3.0,0.189873417721519,0.375,0.25210084033613445,40.0
4.0,0.19753086419753085,0.4,0.2644628099173554,40.0
accuracy,0.19375,0.19375,0.19375,0.19375
macro avg,0.09685107047976246,0.19375,0.12914091256337246,160.0
weighted avg,0.09685107047976246,0.19375,0.12914091256337246,160.0
