,precision,recall,f1-score,support
1,0.5333333333333333,0.5217391304347826,0.5274725274725275,46.0
2,0.4864864864864865,0.3829787234042553,0.42857142857142855,47.0
3,0.6052631578947368,0.40350877192982454,0.4842105263157895,57.0
4,0.3875,0.62,0.47692307692307695,50.0
accuracy,0.48,0.48,0.48,0.48
macro avg,0.5031457444286392,0.4820566564422156,0.4792943898207056,200.0
weighted avg,0.506365990990991,0.48,0.4792637362637362,200.0
