,precision,recall,f1-score,support
0.0,0.9090909090909091,0.9090909090909091,0.9090909090909091,11.0
1.0,0.8,0.8,0.8000000000000002,5.0
2.0,1.0,1.0,1.0,9.0
3.0,1.0,1.0,1.0,7.0
accuracy,0.9375,0.9375,0.9375,0.9375
macro avg,0.9272727272727272,0.9272727272727272,0.9272727272727272,32.0
weighted avg,0.9375,0.9375,0.9375,32.0
