,precision,recall,f1-score,support
1,0.6461538461538462,0.42,0.509090909090909,100.0
2,0.46226415094339623,0.49,0.47572815533980584,100.0
3,0.5658914728682171,0.73,0.6375545851528385,100.0
4,1.0,1.0,1.0,100.0
accuracy,0.66,0.66,0.66,0.66
macro avg,0.6685773674913649,0.6599999999999999,0.6555934123958883,400.0
weighted avg,0.6685773674913648,0.66,0.6555934123958883,400.0
