,precision,recall,f1-score,support
1,0.5217391304347826,0.6,0.5581395348837209,100.0
2,0.41509433962264153,0.22,0.2875816993464052,100.0
3,0.4318181818181818,0.57,0.49137931034482757,100.0
4,1.0,1.0,1.0,100.0
accuracy,0.5975,0.5975,0.5975,0.5975
macro avg,0.5921629129689014,0.5974999999999999,0.5842751361437384,400.0
weighted avg,0.5921629129689014,0.5975,0.5842751361437384,400.0
