,precision,recall,f1-score,support
1.0,0.0,0.0,0.0,43.0
2.0,0.0,0.0,0.0,41.0
3.0,0.3,1.0,0.46153846153846156,36.0
4.0,1.0,1.0,1.0,40.0
accuracy,0.475,0.475,0.475,0.475
macro avg,0.325,0.5,0.3653846153846154,160.0
weighted avg,0.3175,0.475,0.3538461538461538,160.0
