,precision,recall,f1-score,support
1.0,0.7674418604651163,0.7674418604651163,0.7674418604651163,43.0
2.0,0.8333333333333334,0.6097560975609756,0.704225352112676,41.0
3.0,0.6808510638297872,0.8888888888888888,0.7710843373493976,36.0
4.0,1.0,1.0,1.0,40.0
accuracy,0.8125,0.8125,0.8125,0.8125
macro avg,0.8204065644070593,0.8165217117287452,0.8106878874817975,160.0
weighted avg,0.8229831560283689,0.8125,0.8102017223824877,160.0
