,precision,recall,f1-score,support
1,0.0,0.0,0.0,100.0
2,0.5,0.01,0.0196078431372549,100.0
3,0.3488372093023256,0.3,0.3225806451612903,100.0
4,0.0,0.0,0.0,100.0
accuracy,0.0775,0.0775,0.0775,0.0775
macro avg,0.21220930232558138,0.0775,0.0855471220746363,400.0
weighted avg,0.21220930232558138,0.0775,0.0855471220746363,400.0
