,precision,recall,f1-score,support
1.0,0.7804878048780488,0.7441860465116279,0.7619047619047619,43.0
2.0,0.7631578947368421,0.7073170731707317,0.7341772151898734,41.0
3.0,0.7317073170731707,0.8333333333333334,0.7792207792207793,36.0
4.0,1.0,1.0,1.0,40.0
accuracy,0.81875,0.81875,0.81875,0.81875
macro avg,0.8188382541720154,0.8212091132539232,0.8188256890788537,160.0
weighted avg,0.8199494544287548,0.81875,0.8182194914789852,160.0
