,precision,recall,f1-score,support
1,0.3380281690140845,0.96,0.5,100.0
2,0.4375,0.07,0.1206896551724138,100.0
3,0.0,0.0,0.0,100.0
4,1.0,1.0,1.0,100.0
accuracy,0.5075,0.5075,0.5075,0.5075
macro avg,0.4438820422535211,0.5075000000000001,0.4051724137931034,400.0
weighted avg,0.4438820422535211,0.5075,0.4051724137931035,400.0
