,precision,recall,f1-score,support
1.0,1.0,1.0,1.0,97.0
2.0,0.9893617021276596,0.9489795918367347,0.96875,98.0
3.0,0.9010989010989011,0.9647058823529412,0.9318181818181818,85.0
4.0,0.9743589743589743,0.95,0.9620253164556962,80.0
accuracy,0.9666666666666667,0.9666666666666667,0.9666666666666667,0.9666666666666667
macro avg,0.9662048943963838,0.9659213685474191,0.9656483745684694,360.0
weighted avg,0.9680543648628757,0.9666666666666667,0.9669557521416698,360.0
