,precision,recall,f1-score,support
1.0,0.9375,0.9868421052631579,0.9615384615384616,76.0
2.0,0.9701492537313433,0.9285714285714286,0.948905109489051,70.0
3.0,0.975609756097561,0.963855421686747,0.9696969696969697,83.0
4.0,1.0,1.0,1.0,91.0
accuracy,0.971875,0.971875,0.971875,0.971875
macro avg,0.970814752457226,0.9698172388803333,0.9700351351811206,320.0
weighted avg,0.9723001797415363,0.971875,0.971828528831266,320.0
