,precision,recall,f1-score,support
1,0.5238095238095238,0.33,0.4049079754601227,100.0
2,0.4744525547445255,0.65,0.5485232067510548,100.0
3,0.74,0.74,0.74,100.0
4,1.0,1.0,1.0,100.0
accuracy,0.68,0.68,0.68,0.68
macro avg,0.6845655196385123,0.6799999999999999,0.6733577955527944,400.0
weighted avg,0.6845655196385124,0.68,0.6733577955527943,400.0
