,precision,recall,f1-score,support
1.0,0.7727272727272727,0.7906976744186046,0.7816091954022989,43.0
2.0,0.8888888888888888,0.5853658536585366,0.7058823529411765,41.0
3.0,0.673469387755102,0.9166666666666666,0.7764705882352941,36.0
4.0,1.0,1.0,1.0,40.0
accuracy,0.81875,0.81875,0.81875,0.81875
macro avg,0.8337713873428159,0.823182548685952,0.8159905341446924,160.0
weighted avg,0.8369788445681303,0.81875,0.8156457065584855,160.0
