,precision,recall,f1-score,support
1,0.2512820512820513,0.98,0.4,100.0
2,0.0,0.0,0.0,100.0
3,0.0,0.0,0.0,100.0
4,0.1,0.01,0.01818181818181818,100.0
accuracy,0.2475,0.2475,0.2475,0.2475
macro avg,0.08782051282051281,0.2475,0.10454545454545455,400.0
weighted avg,0.08782051282051281,0.2475,0.10454545454545455,400.0
