,precision,recall,f1-score,support
1,0.3,0.03,0.05454545454545454,100.0
2,0.0,0.0,0.0,100.0
3,0.02617801047120419,0.05,0.03436426116838488,100.0
4,0.07537688442211055,0.15,0.10033444816053512,100.0
accuracy,0.0575,0.0575,0.0575,0.0575
macro avg,0.10038872372332869,0.057499999999999996,0.047311040968593635,400.0
weighted avg,0.10038872372332869,0.0575,0.047311040968593635,400.0
