,precision,recall,f1-score,support
1,0.06217616580310881,0.12,0.08191126279863481,100.0
2,0.10679611650485436,0.11,0.10837438423645321,100.0
3,0.25,0.01,0.019230769230769232,100.0
4,1.0,1.0,1.0,100.0
accuracy,0.31,0.31,0.31,0.31
macro avg,0.3547430705769908,0.31,0.3023791040664643,400.0
weighted avg,0.3547430705769908,0.31,0.3023791040664643,400.0
