,precision,recall,f1-score,support
1.0,0.7872340425531915,0.8604651162790697,0.8222222222222222,43.0
2.0,0.7894736842105263,0.7317073170731707,0.759493670886076,41.0
3.0,0.8571428571428571,0.8333333333333334,0.8450704225352113,36.0
4.0,1.0,1.0,1.0,40.0
accuracy,0.85625,0.85625,0.85625,0.85625
macro avg,0.8584626459766438,0.8563764416713935,0.8566965789108774,160.0
weighted avg,0.8567289233722605,0.85625,0.8557333204572017,160.0
