,precision,recall,f1-score,support
1,0.5952380952380952,0.5,0.5434782608695652,100.0
2,0.45714285714285713,0.32,0.3764705882352941,100.0
3,0.5547945205479452,0.81,0.6585365853658537,100.0
4,1.0,1.0,1.0,100.0
accuracy,0.6575,0.6575,0.6575,0.6575
macro avg,0.6517938682322244,0.6575,0.6446213586176782,400.0
weighted avg,0.6517938682322244,0.6575,0.6446213586176782,400.0
