,precision,recall,f1-score,support
1.0,0.0,0.0,0.0,43.0
2.0,0.08333333333333333,0.024390243902439025,0.03773584905660377,41.0
3.0,0.2074074074074074,0.7777777777777778,0.32748538011695905,36.0
4.0,0.23076923076923078,0.075,0.11320754716981132,40.0
accuracy,0.2,0.2,0.2,0.2
macro avg,0.1303774928774929,0.2192920054200542,0.11960719408584353,160.0
weighted avg,0.12571314102564105,0.2,0.11165590863952332,160.0
