,precision,recall,f1-score,support
1,0.009523809523809525,0.01,0.00975609756097561,100.0
2,0.0,0.0,0.0,100.0
3,0.3288135593220339,0.97,0.4911392405063291,100.0
4,0.0,0.0,0.0,100.0
accuracy,0.245,0.245,0.245,0.245
macro avg,0.08458434221146086,0.245,0.12522383451682617,400.0
weighted avg,0.08458434221146086,0.245,0.12522383451682617,400.0
