,precision,recall,f1-score,support
1.0,0.7142857142857143,0.813953488372093,0.7608695652173914,43.0
2.0,0.7567567567567568,0.6829268292682927,0.717948717948718,41.0
3.0,0.8529411764705882,0.8055555555555556,0.8285714285714286,36.0
4.0,1.0,1.0,1.0,40.0
accuracy,0.825,0.825,0.825,0.825
macro avg,0.8309959118782648,0.8256089682989853,0.8268474279343845,160.0
weighted avg,0.8277949693390869,0.825,0.8248866260551043,160.0
