,precision,recall,f1-score,support
1,0.16279069767441862,0.35,0.2222222222222222,100.0
2,0.30701754385964913,0.35,0.32710280373831774,100.0
3,0.0,0.0,0.0,100.0
4,0.0,0.0,0.0,100.0
accuracy,0.175,0.175,0.175,0.175
macro avg,0.11745206038351694,0.175,0.137331256490135,400.0
weighted avg,0.11745206038351692,0.175,0.13733125649013497,400.0
