,precision,recall,f1-score,support
1.0,1.0,1.0,1.0,97.0
2.0,0.5961538461538461,0.6326530612244898,0.6138613861386139,98.0
3.0,0.5443037974683544,0.5058823529411764,0.524390243902439,85.0
4.0,1.0,1.0,1.0,80.0
accuracy,0.7833333333333333,0.7833333333333333,0.7833333333333333,0.7833333333333333
macro avg,0.7851144109055501,0.7846338535414166,0.7845629075102633,360.0
weighted avg,0.7824691658552416,0.7833333333333333,0.7825877404813651,360.0
