,precision,recall,f1-score,support
1,0.33163265306122447,0.65,0.4391891891891892,100.0
2,0.3670886075949367,0.29,0.3240223463687151,100.0
3,0.28,0.07,0.112,100.0
4,1.0,1.0,1.0,100.0
accuracy,0.5025,0.5025,0.5025,0.5025
macro avg,0.4946803151640403,0.5025,0.4688028838894761,400.0
weighted avg,0.4946803151640403,0.5025,0.46880288388947605,400.0
