,precision,recall,f1-score,support
1,0.25,0.03,0.05357142857142857,100.0
2,0.2551546391752577,0.99,0.4057377049180328,100.0
3,0.0,0.0,0.0,100.0
4,0.0,0.0,0.0,100.0
accuracy,0.255,0.255,0.255,0.255
macro avg,0.12628865979381443,0.255,0.11482728337236534,400.0
weighted avg,0.12628865979381443,0.255,0.11482728337236534,400.0
