,precision,recall,f1-score,support
1.0,1.0,1.0,1.0,97.0
2.0,0.967741935483871,0.9183673469387755,0.9424083769633508,98.0
3.0,0.9195402298850575,0.9411764705882353,0.9302325581395349,85.0
4.0,0.963855421686747,1.0,0.9815950920245399,80.0
accuracy,0.9638888888888889,0.9638888888888889,0.9638888888888889,0.9638888888888889
macro avg,0.9627843967639188,0.9648859543817527,0.9635590067818564,360.0
weighted avg,0.9641890637571917,0.9638888888888889,0.9637594326284223,360.0
