,precision,recall,f1-score,support
1.0,1.0,1.0,1.0,505.0
2.0,0.9515418502202643,0.9411764705882353,0.9463307776560789,459.0
3.0,0.9396378269617707,0.9530612244897959,0.9463019250253293,490.0
4.0,0.9761904761904762,0.9723320158102767,0.9742574257425742,506.0
accuracy,0.9673469387755103,0.9673469387755103,0.9673469387755103,0.9673469387755103
macro avg,0.9668425383431278,0.966642427722077,0.9667225321059956,1960.0
weighted avg,0.9674146048034438,0.9673469387755103,0.9673612385879052,1960.0
