,precision,recall,f1-score,support
1,0.3825136612021858,0.7,0.49469964664310956,100.0
2,0.32926829268292684,0.27,0.2967032967032967,100.0
3,0.5714285714285714,0.2,0.2962962962962963,100.0
4,1.0,1.0,1.0,100.0
accuracy,0.5425,0.5425,0.5425,0.5425
macro avg,0.570802631328421,0.5425,0.5219248099106757,400.0
weighted avg,0.570802631328421,0.5425,0.5219248099106756,400.0
