,precision,recall,f1-score,support
1,0.44871794871794873,0.35,0.39325842696629215,100.0
2,0.3076923076923077,0.16,0.21052631578947367,100.0
3,0.4117647058823529,0.7,0.5185185185185185,100.0
4,1.0,1.0,1.0,100.0
accuracy,0.5525,0.5525,0.5525,0.5525
macro avg,0.5420437405731523,0.5525,0.5305758153185711,400.0
weighted avg,0.5420437405731523,0.5525,0.5305758153185711,400.0
