,precision,recall,f1-score,support
1,0.5121951219512195,0.375,0.4329896907216495,56.0
2,0.47619047619047616,0.6779661016949152,0.5594405594405595,59.0
3,0.8461538461538461,0.7096774193548387,0.7719298245614035,62.0
4,1.0,1.0,1.0,63.0
accuracy,0.7,0.7,0.7,0.7
macro avg,0.7086348610738855,0.6906608802624385,0.6910900186809031,240.0
weighted avg,0.7176654307751869,0.7,0.7004752700425516,240.0
