,precision,recall,f1-score,support
1.0,0.6491228070175439,0.7628865979381443,0.7014218009478673,97.0
2.0,0.7692307692307693,0.6122448979591837,0.6818181818181818,98.0
3.0,0.6363636363636364,0.6588235294117647,0.6473988439306358,85.0
4.0,1.0,1.0,1.0,80.0
accuracy,0.75,0.75,0.75,0.75
macro avg,0.7636793031529874,0.7584887563272732,0.7576597066741713,360.0
weighted avg,0.7567789909895173,0.75,0.7496805506784139,360.0
