,precision,recall,f1-score,support
1.0,0.925531914893617,0.8969072164948454,0.9109947643979057,97.0
2.0,0.8155339805825242,0.8571428571428571,0.835820895522388,98.0
3.0,0.9036144578313253,0.8823529411764706,0.8928571428571429,85.0
4.0,1.0,1.0,1.0,80.0
accuracy,0.9055555555555556,0.9055555555555556,0.9055555555555556,0.9055555555555556
macro avg,0.9111700883268666,0.9091007537035433,0.9099182006943591,360.0
weighted avg,0.9069615409928635,0.9055555555555556,0.9060272140295779,360.0
