,precision,recall,f1-score,support
1,0.4647887323943662,0.33,0.38596491228070173,100.0
2,0.2545454545454545,0.56,0.35,100.0
3,0.7155963302752294,0.78,0.7464114832535885,100.0
4,0.0,0.0,0.0,100.0
accuracy,0.4175,0.4175,0.4175,0.4175
macro avg,0.3587326293037625,0.41750000000000004,0.37059409888357253,400.0
weighted avg,0.35873262930376254,0.4175,0.37059409888357253,400.0
