,precision,recall,f1-score,support
1,0.3333333333333333,0.15789473684210525,0.21428571428571427,19.0
2,0.41379310344827586,0.6666666666666666,0.5106382978723404,18.0
3,0.8421052631578947,0.8,0.8205128205128205,20.0
4,1.0,1.0,1.0,23.0
accuracy,0.675,0.675,0.675,0.675
macro avg,0.647307924984876,0.656140350877193,0.6363592081677187,80.0
weighted avg,0.6702964307320024,0.675,0.6584146792923388,80.0
