,precision,recall,f1-score,support
1.0,0.7058823529411765,0.5581395348837209,0.6233766233766234,43.0
2.0,0.625,0.6097560975609756,0.6172839506172839,41.0
3.0,0.6521739130434783,0.8333333333333334,0.7317073170731707,36.0
4.0,1.0,1.0,1.0,40.0
accuracy,0.74375,0.74375,0.74375,0.74375
macro avg,0.7457640664961638,0.7503072414445074,0.7430919727667695,160.0
weighted avg,0.7466012627877239,0.74375,0.74034562621961,160.0
