,precision,recall,f1-score,support
1,0.2841726618705036,0.79,0.41798941798941797,100.0
2,0.323943661971831,0.23,0.26900584795321636,100.0
3,0.1,0.01,0.01818181818181818,100.0
4,1.0,0.41,0.5815602836879432,100.0
accuracy,0.36,0.36,0.36,0.36
macro avg,0.4270290809605837,0.36,0.3216843419530989,400.0
weighted avg,0.4270290809605837,0.36,0.3216843419530989,400.0
