,precision,recall,f1-score,support
1.0,0.4235294117647059,0.3956043956043956,0.4090909090909091,182.0
2.0,0.3333333333333333,0.25906735751295334,0.2915451895043732,193.0
3.0,0.4219409282700422,0.5494505494505495,0.477326968973747,182.0
4.0,1.0,1.0,1.0,203.0
accuracy,0.5592105263157895,0.5592105263157895,0.5592105263157895,0.5592105263157895
macro avg,0.5447009183420204,0.5510305756419747,0.5444907668922574,760.0
weighted avg,0.5542222831837598,0.5592105263157895,0.5534161518185677,760.0
