,precision,recall,f1-score,support
1,0.2506265664160401,1.0,0.40080160320641284,100.0
2,1.0,0.01,0.019801980198019802,100.0
3,0.0,0.0,0.0,100.0
4,0.0,0.0,0.0,100.0
accuracy,0.2525,0.2525,0.2525,0.2525
macro avg,0.31265664160401,0.2525,0.10515089585110816,400.0
weighted avg,0.31265664160401,0.2525,0.10515089585110816,400.0
