,precision,recall,f1-score,support
1,0.33098591549295775,0.94,0.4895833333333333,100.0
2,0.0,0.0,0.0,100.0
3,0.25,0.04,0.06896551724137931,100.0
4,1.0,1.0,1.0,100.0
accuracy,0.495,0.495,0.495,0.495
macro avg,0.39524647887323944,0.495,0.3896372126436781,400.0
weighted avg,0.39524647887323944,0.495,0.3896372126436781,400.0
