,precision,recall,f1-score,support
1.0,0.8863636363636364,0.9069767441860465,0.896551724137931,43.0
2.0,0.9444444444444444,0.8292682926829268,0.8831168831168831,41.0
3.0,0.85,0.9444444444444444,0.8947368421052632,36.0
4.0,1.0,1.0,1.0,40.0
accuracy,0.91875,0.91875,0.91875,0.91875
macro avg,0.9202020202020202,0.9201723703283544,0.9186013623400193,160.0
weighted avg,0.921474116161616,0.91875,0.9185627666344545,160.0
