,precision,recall,f1-score,support
1.0,1.0,1.0,1.0,97.0
2.0,0.979381443298969,0.9693877551020408,0.9743589743589743,98.0
3.0,0.9764705882352941,0.9764705882352941,0.9764705882352941,85.0
4.0,0.9876543209876543,1.0,0.9937888198757764,80.0
accuracy,0.9861111111111112,0.9861111111111112,0.9861111111111112,0.9861111111111112
macro avg,0.9858765881304794,0.9864645858343337,0.9861545956175113,360.0
weighted avg,0.9860881308953092,0.9861111111111112,0.98608412521456,360.0
