,precision,recall,f1-score,support
1,0.3263157894736842,0.93,0.4831168831168831,100.0
2,0.125,0.01,0.018518518518518517,100.0
3,0.2857142857142857,0.02,0.037383177570093455,100.0
4,1.0,1.0,1.0,100.0
accuracy,0.49,0.49,0.49,0.49
macro avg,0.4342575187969925,0.49,0.3847546448013738,400.0
weighted avg,0.4342575187969925,0.49,0.3847546448013738,400.0
