,precision,recall,f1-score,support
1.0,0.9761904761904762,0.9534883720930233,0.9647058823529412,43.0
2.0,0.9302325581395349,0.975609756097561,0.9523809523809523,41.0
3.0,0.9714285714285714,0.9444444444444444,0.9577464788732394,36.0
4.0,1.0,1.0,1.0,40.0
accuracy,0.96875,0.96875,0.96875,0.96875
macro avg,0.9694629014396456,0.9683856431587572,0.9687083284017832,160.0
weighted avg,0.9692947120708748,0.96875,0.9688052826764508,160.0
