,precision,recall,f1-score,support
1.0,0.8494623655913979,0.8144329896907216,0.8315789473684211,97.0
2.0,0.78,0.7959183673469388,0.7878787878787878,98.0
3.0,0.7816091954022989,0.8,0.7906976744186046,85.0
4.0,1.0,1.0,1.0,80.0
accuracy,0.8472222222222222,0.8472222222222222,0.8472222222222222,0.8472222222222222
macro avg,0.8527678902484241,0.8525878392594151,0.8525388524164534,360.0
weighted avg,0.8479850863098916,0.8472222222222222,0.8474571706456652,360.0
