,precision,recall,f1-score,support
1,0.8059701492537313,0.54,0.6467065868263473,100.0
2,0.5405405405405406,0.8,0.6451612903225806,100.0
3,0.3783783783783784,0.7,0.49122807017543857,100.0
4,0.0,0.0,0.0,100.0
accuracy,0.51,0.51,0.51,0.51
macro avg,0.4312222670431626,0.51,0.44577398683109165,400.0
weighted avg,0.4312222670431625,0.51,0.4457739868310916,400.0
