,precision,recall,f1-score,support
1,0.03825136612021858,0.07,0.04946996466431095,100.0
2,0.3333333333333333,0.01,0.019417475728155338,100.0
3,0.07017543859649122,0.08,0.07476635514018691,100.0
4,1.0,1.0,1.0,100.0
accuracy,0.29,0.29,0.29,0.29
macro avg,0.3604400345125108,0.29,0.2859134488831633,400.0
weighted avg,0.3604400345125108,0.29,0.2859134488831633,400.0
