,precision,recall,f1-score,support
1.0,1.0,1.0,1.0,97.0
2.0,0.9285714285714286,0.9285714285714286,0.9285714285714286,98.0
3.0,0.9156626506024096,0.8941176470588236,0.9047619047619048,85.0
4.0,0.9634146341463414,0.9875,0.9753086419753086,80.0
accuracy,0.9527777777777777,0.9527777777777777,0.9527777777777777,0.9527777777777777
macro avg,0.9519121783300449,0.9525472689075631,0.9521604938271605,360.0
weighted avg,0.9525124889803114,0.9527777777777777,0.9525818146188517,360.0
