,precision,recall,f1-score,support
1.0,0.8857142857142857,0.7209302325581395,0.7948717948717948,43.0
2.0,0.7021276595744681,0.8048780487804879,0.75,41.0
3.0,0.7894736842105263,0.8333333333333334,0.8108108108108109,36.0
4.0,1.0,1.0,1.0,40.0
accuracy,0.8375,0.8375,0.8375,0.8375
macro avg,0.84432890737482,0.8397854036679901,0.8389206514206514,160.0
weighted avg,0.8455875059990401,0.8375,0.8382417273042273,160.0
