,precision,recall,f1-score,support
1.0,1.0,1.0,1.0,97.0
2.0,0.9893617021276596,0.9489795918367347,0.96875,98.0
3.0,0.9438202247191011,0.9882352941176471,0.9655172413793104,85.0
4.0,1.0,1.0,1.0,80.0
accuracy,0.9833333333333333,0.9833333333333333,0.9833333333333333,0.9833333333333333
macro avg,0.9832954817116902,0.9843037214885955,0.9835668103448276,360.0
weighted avg,0.983839349748984,0.9833333333333333,0.9833512931034483,360.0
