,precision,recall,f1-score,support
1,0.5416666666666666,0.39,0.45348837209302323,100.0
2,0.5714285714285714,0.12,0.19834710743801653,100.0
3,0.4581005586592179,0.82,0.5878136200716846,100.0
4,0.78125,1.0,0.8771929824561403,100.0
accuracy,0.5825,0.5825,0.5825,0.5825
macro avg,0.588111449188614,0.5825,0.5292105205147162,400.0
weighted avg,0.5881114491886139,0.5825,0.5292105205147162,400.0
