,precision,recall,f1-score,support
1,0.11029411764705882,0.15,0.1271186440677966,100.0
2,0.3333333333333333,0.01,0.019417475728155338,100.0
3,0.3448275862068966,0.9,0.4986149584487535,100.0
4,0.0,0.0,0.0,100.0
accuracy,0.265,0.265,0.265,0.265
macro avg,0.19711375929682218,0.265,0.16128776956117635,400.0
weighted avg,0.1971137592968222,0.265,0.16128776956117638,400.0
