,precision,recall,f1-score,support
1.0,0.6576576576576577,0.7525773195876289,0.7019230769230769,97.0
2.0,0.5769230769230769,0.6122448979591837,0.594059405940594,98.0
3.0,0.7384615384615385,0.5647058823529412,0.64,85.0
4.0,1.0,1.0,1.0,80.0
accuracy,0.725,0.725,0.725,0.725
macro avg,0.7432605682605683,0.7323820249749384,0.7339956207159177,360.0
weighted avg,0.7308346808346808,0.725,0.7241787784547685,360.0
