,precision,recall,f1-score,support
1,0.27388535031847133,0.86,0.41545893719806765,100.0
2,0.25806451612903225,0.08,0.12213740458015267,100.0
3,0.41379310344827586,0.12,0.18604651162790697,100.0
4,1.0,0.26,0.4126984126984127,100.0
accuracy,0.33,0.33,0.33,0.33
macro avg,0.48643574247394483,0.33,0.284085316526135,400.0
weighted avg,0.48643574247394483,0.33,0.284085316526135,400.0
