,precision,recall,f1-score,support
1.0,1.0,1.0,1.0,97.0
2.0,0.98989898989899,1.0,0.9949238578680203,98.0
3.0,1.0,0.9882352941176471,0.9940828402366864,85.0
4.0,1.0,1.0,1.0,80.0
accuracy,0.9972222222222222,0.9972222222222222,0.9972222222222222,0.9972222222222222
macro avg,0.9974747474747475,0.9970588235294118,0.9972516745261766,360.0
weighted avg,0.997250280583614,0.9972222222222222,0.9972210541421788,360.0
