,precision,recall,f1-score,support
1.0,0.7857142857142857,0.7674418604651163,0.7764705882352941,43.0
2.0,0.7586206896551724,0.5365853658536586,0.6285714285714286,41.0
3.0,0.6122448979591837,0.8333333333333334,0.7058823529411765,36.0
4.0,1.0,1.0,1.0,40.0
accuracy,0.78125,0.78125,0.78125,0.78125
macro avg,0.7891449683321605,0.7843401399130271,0.7777310924369748,160.0
weighted avg,0.7933123680506686,0.78125,0.7785714285714287,160.0
