,precision,recall,f1-score,support
1,0.49056603773584906,0.35135135135135137,0.4094488188976378,74.0
2,0.47863247863247865,0.6829268292682927,0.5628140703517588,82.0
3,0.8235294117647058,0.6829268292682927,0.7466666666666667,82.0
4,1.0,1.0,1.0,82.0
accuracy,0.6875,0.6875,0.6875,0.6875
macro avg,0.6981819820332584,0.6793012524719843,0.6797323889790158,320.0
weighted avg,0.7033723806406936,0.6875,0.6864894782310502,320.0
