,precision,recall,f1-score,support
1.0,0.6697247706422018,0.7525773195876289,0.7087378640776699,97.0
2.0,0.5865384615384616,0.6224489795918368,0.6039603960396039,98.0
3.0,0.7611940298507462,0.6,0.6710526315789473,85.0
4.0,1.0,1.0,1.0,80.0
accuracy,0.7361111111111112,0.7361111111111112,0.7361111111111112,0.7361111111111112
macro avg,0.7543643155078523,0.7437565747948665,0.7459377229240554,360.0
weighted avg,0.7420710125566007,0.7361111111111112,0.7360421258656269,360.0
