,precision,recall,f1-score,support
1.0,0.3333333333333333,0.18604651162790697,0.23880597014925373,43.0
2.0,0.0,0.0,0.0,41.0
3.0,0.2604166666666667,0.6944444444444444,0.3787878787878788,36.0
4.0,1.0,1.0,1.0,40.0
accuracy,0.45625,0.45625,0.45625,0.45625
macro avg,0.3984375,0.4701227390180879,0.4043984622342831,160.0
weighted avg,0.3981770833333333,0.45625,0.3994063772048847,160.0
