,precision,recall,f1-score,support
1.0,0.7560975609756098,0.7209302325581395,0.7380952380952381,43.0
2.0,0.5777777777777777,0.6341463414634146,0.6046511627906976,41.0
3.0,0.7941176470588235,0.75,0.7714285714285715,36.0
4.0,1.0,1.0,1.0,40.0
accuracy,0.775,0.775,0.775,0.775
macro avg,0.7819982464530527,0.7762691435053886,0.7785437430786268,160.0
weighted avg,0.779933245655986,0.775,0.77687638427464,160.0
