,precision,recall,f1-score,support
1,0.47619047619047616,0.5,0.4878048780487805,100.0
2,0.41379310344827586,0.48,0.4444444444444444,100.0
3,0.7215189873417721,0.57,0.6368715083798883,100.0
4,1.0,1.0,1.0,100.0
accuracy,0.6375,0.6375,0.6375,0.6375
macro avg,0.652875641745131,0.6375,0.6422802077182783,400.0
weighted avg,0.6528756417451311,0.6375,0.6422802077182783,400.0
