,precision,recall,f1-score,support
1.0,1.0,1.0,1.0,505.0
2.0,0.9579646017699115,0.9433551198257081,0.9506037321624589,459.0
3.0,0.946,0.9653061224489796,0.9555555555555556,490.0
4.0,1.0,0.9940711462450593,0.9970267591674926,506.0
accuracy,0.976530612244898,0.976530612244898,0.976530612244898,0.976530612244898
macro avg,0.9759911504424779,0.9756830971299368,0.9757965117213767,1960.0
weighted avg,0.9766559960267293,0.976530612244898,0.9765535078691542,1960.0
