,precision,recall,f1-score,support
1.0,0.8031746031746032,0.9035714285714286,0.8504201680672269,280.0
2.0,0.8288973384030418,0.7785714285714286,0.8029465930018416,280.0
3.0,0.8702290076335878,0.8142857142857143,0.8413284132841329,280.0
4.0,1.0,1.0,1.0,280.0
accuracy,0.8741071428571429,0.8741071428571429,0.8741071428571429,0.8741071428571429
macro avg,0.8755752373028082,0.8741071428571429,0.8736737935883003,1120.0
weighted avg,0.8755752373028082,0.8741071428571429,0.8736737935883003,1120.0
