,precision,recall,f1-score,support
1.0,0.7391304347826086,0.7906976744186046,0.7640449438202247,43.0
2.0,0.7674418604651163,0.8048780487804879,0.7857142857142857,41.0
3.0,0.8064516129032258,0.6944444444444444,0.746268656716418,36.0
4.0,1.0,1.0,1.0,40.0
accuracy,0.825,0.825,0.825,0.825
macro avg,0.8282559770377377,0.8225050419108841,0.8240069715627321,160.0
weighted avg,0.8267498939952379,0.825,0.8245868121271652,160.0
