,precision,recall,f1-score,support
1,0.2423469387755102,0.95,0.3861788617886179,100.0
2,0.14285714285714285,0.01,0.018691588785046728,100.0
3,0.0,0.0,0.0,100.0
4,0.0,0.0,0.0,100.0
accuracy,0.24,0.24,0.24,0.24
macro avg,0.09630102040816327,0.24,0.10121761264341615,400.0
weighted avg,0.09630102040816325,0.24,0.10121761264341615,400.0
