,precision,recall,f1-score,support
1.0,1.0,1.0,1.0,97.0
2.0,0.9514563106796117,1.0,0.9751243781094527,98.0
3.0,1.0,0.9411764705882353,0.9696969696969697,85.0
4.0,1.0,1.0,1.0,80.0
accuracy,0.9861111111111112,0.9861111111111112,0.9861111111111112,0.9861111111111112
macro avg,0.9878640776699029,0.9852941176470589,0.9862053369516056,360.0
weighted avg,0.9867853290183387,0.9861111111111112,0.9860734207749134,360.0
