,precision,recall,f1-score,support
1.0,0.9459459459459459,0.9210526315789473,0.9333333333333333,76.0
2.0,0.9253731343283582,0.8857142857142857,0.9051094890510949,70.0
3.0,0.9318181818181818,0.9879518072289156,0.9590643274853801,83.0
4.0,1.0,1.0,1.0,91.0
accuracy,0.953125,0.953125,0.953125,0.953125
macro avg,0.9507843155231215,0.9486796811305371,0.9493767874674521,320.0
weighted avg,0.9531528762055814,0.953125,0.9527916773381142,320.0
