,precision,recall,f1-score,support
1,0.5972222222222222,0.43,0.5,100.0
2,0.49019607843137253,0.5,0.49504950495049505,100.0
3,0.6428571428571429,0.81,0.7168141592920354,100.0
4,1.0,1.0,1.0,100.0
accuracy,0.685,0.685,0.685,0.685
macro avg,0.6825688608776844,0.685,0.6779659160606326,400.0
weighted avg,0.6825688608776843,0.685,0.6779659160606326,400.0
