,precision,recall,f1-score,support
1,0.054945054945054944,0.1,0.07092198581560284,100.0
2,0.11,0.11,0.11,100.0
3,0.05084745762711865,0.06,0.05504587155963303,100.0
4,0.0,0.0,0.0,100.0
accuracy,0.0675,0.0675,0.0675,0.0675
macro avg,0.0539481281430434,0.0675,0.05899196434380897,400.0
weighted avg,0.0539481281430434,0.0675,0.05899196434380896,400.0
