,precision,recall,f1-score,support
1.0,1.0,0.9896907216494846,0.9948186528497409,97.0
2.0,0.9583333333333334,0.9387755102040817,0.9484536082474226,98.0
3.0,0.9318181818181818,0.9647058823529412,0.9479768786127167,85.0
4.0,1.0,1.0,1.0,80.0
accuracy,0.9722222222222222,0.9722222222222222,0.9722222222222222,0.9722222222222222
macro avg,0.9725378787878788,0.9732930285516269,0.9728122849274701,360.0
weighted avg,0.9725589225589226,0.9722222222222222,0.9722886044909811,360.0
