,precision,recall,f1-score,support
1,0.0,0.0,0.0,100.0
2,0.3333333333333333,0.53,0.4092664092664093,100.0
3,0.42857142857142855,0.18,0.2535211267605634,100.0
4,0.0,0.0,0.0,100.0
accuracy,0.1775,0.1775,0.1775,0.1775
macro avg,0.19047619047619047,0.1775,0.16569688400674315,400.0
weighted avg,0.19047619047619044,0.1775,0.16569688400674315,400.0
