,precision,recall,f1-score,support
1.0,0.7272727272727273,0.7441860465116279,0.735632183908046,43.0
2.0,0.6756756756756757,0.6097560975609756,0.6410256410256411,41.0
3.0,0.7948717948717948,0.8611111111111112,0.8266666666666667,36.0
4.0,1.0,1.0,1.0,40.0
accuracy,0.8,0.8,0.8,0.8
macro avg,0.7994550494550494,0.8037633137959287,0.8008311229000884,160.0
weighted avg,0.7974425911925912,0.8,0.7979639699381078,160.0
