,precision,recall,f1-score,support
1.0,0.7708333333333334,0.8604651162790697,0.8131868131868132,43.0
2.0,0.717948717948718,0.6829268292682927,0.7,41.0
3.0,0.8181818181818182,0.75,0.782608695652174,36.0
4.0,1.0,1.0,1.0,40.0
accuracy,0.825,0.825,0.825,0.825
macro avg,0.8267409673659674,0.8233479863868406,0.8239488772097467,160.0
weighted avg,0.8252267263986013,0.825,0.8240059125656952,160.0
