,precision,recall,f1-score,support
1.0,0.6904761904761905,0.6744186046511628,0.6823529411764706,43.0
2.0,0.6571428571428571,0.5609756097560976,0.6052631578947368,41.0
3.0,0.7209302325581395,0.8611111111111112,0.7848101265822784,36.0
4.0,1.0,1.0,1.0,40.0
accuracy,0.76875,0.76875,0.76875,0.76875
macro avg,0.7671373200442968,0.7741263313795929,0.7681065564133716,160.0
weighted avg,0.7661676356589148,0.76875,0.7650633156327153,160.0
