,precision,recall,f1-score,support
1.0,1.0,1.0,1.0,505.0
2.0,0.9324618736383442,0.9324618736383442,0.9324618736383442,459.0
3.0,0.936734693877551,0.936734693877551,0.936734693877551,490.0
4.0,1.0,1.0,1.0,506.0
accuracy,0.9683673469387755,0.9683673469387755,0.9683673469387755,0.9683673469387755
macro avg,0.9672991418789738,0.9672991418789738,0.9672991418789738,1960.0
weighted avg,0.9683673469387755,0.9683673469387755,0.9683673469387755,1960.0
