,precision,recall,f1-score,support
1.0,1.0,0.9069767441860465,0.9512195121951219,43.0
2.0,0.9285714285714286,0.9512195121951219,0.9397590361445783,41.0
3.0,0.9117647058823529,0.8611111111111112,0.8857142857142857,36.0
4.0,0.8222222222222222,0.925,0.8705882352941177,40.0
accuracy,0.9125,0.9125,0.9125,0.9125
macro avg,0.915639589169001,0.9110768418730699,0.9118202673370259,160.0
weighted avg,0.9173990429505136,0.9125,0.9133862700237309,160.0
