,precision,recall,f1-score,support
1,0.3415492957746479,0.97,0.5052083333333334,100.0
2,0.7727272727272727,0.17,0.2786885245901639,100.0
3,0.5625,0.09,0.15517241379310345,100.0
4,1.0,0.78,0.8764044943820225,100.0
accuracy,0.5025,0.5025,0.5025,0.5025
macro avg,0.6691941421254801,0.5025,0.4538684415246558,400.0
weighted avg,0.6691941421254802,0.5025,0.45386844152465583,400.0
