,precision,recall,f1-score,support
1,0.6206896551724138,0.36,0.45569620253164556,100.0
2,0.43478260869565216,0.3,0.35502958579881655,100.0
3,0.49710982658959535,0.86,0.63003663003663,100.0
4,1.0,1.0,1.0,100.0
accuracy,0.63,0.63,0.63,0.63
macro avg,0.6381455226144154,0.63,0.6101906045917731,400.0
weighted avg,0.6381455226144154,0.63,0.610190604591773,400.0
