,precision,recall,f1-score,support
1.0,0.40100250626566414,0.5714285714285714,0.47128129602356406,280.0
2.0,0.40609137055837563,0.2857142857142857,0.33542976939203356,280.0
3.0,0.4180327868852459,0.36428571428571427,0.3893129770992366,280.0
4.0,1.0,1.0,1.0,280.0
accuracy,0.5553571428571429,0.5553571428571429,0.5553571428571429,0.5553571428571429
macro avg,0.5562816659273214,0.5553571428571429,0.5490060106287086,1120.0
weighted avg,0.5562816659273214,0.5553571428571429,0.5490060106287085,1120.0
