,precision,recall,f1-score,support
1,0.8235294117647058,0.56,0.6666666666666666,100.0
2,0.5436241610738255,0.81,0.6506024096385542,100.0
3,0.8554216867469879,0.71,0.7759562841530054,100.0
4,1.0,1.0,1.0,100.0
accuracy,0.77,0.77,0.77,0.77
macro avg,0.8056438148963798,0.77,0.7733063401145566,400.0
weighted avg,0.8056438148963798,0.77,0.7733063401145566,400.0
