,precision,recall,f1-score,support
1.0,1.0,1.0,1.0,97.0
2.0,0.9578947368421052,0.9285714285714286,0.9430051813471503,98.0
3.0,0.9204545454545454,0.9529411764705882,0.9364161849710982,85.0
4.0,1.0,1.0,1.0,80.0
accuracy,0.9694444444444444,0.9694444444444444,0.9694444444444444,0.9694444444444444
macro avg,0.9695873205741626,0.9703781512605042,0.9698553415795621,360.0
weighted avg,0.9697564460393409,0.9694444444444444,0.9694718985960112,360.0
