,precision,recall,f1-score,support
1.0,0.9897959183673469,1.0,0.9948717948717949,97.0
2.0,0.9456521739130435,0.8877551020408163,0.9157894736842105,98.0
3.0,0.8888888888888888,0.9411764705882353,0.9142857142857143,85.0
4.0,1.0,1.0,1.0,80.0
accuracy,0.9555555555555556,0.9555555555555556,0.9555555555555556,0.9555555555555556
macro avg,0.9560842452923198,0.9572328931572629,0.9562367457104299,360.0
weighted avg,0.9562213130018512,0.9555555555555556,0.9554561617719513,360.0
