,precision,recall,f1-score,support
1.0,0.7291666666666666,0.813953488372093,0.7692307692307693,43.0
2.0,0.6470588235294118,0.5365853658536586,0.5866666666666667,41.0
3.0,0.7368421052631579,0.7777777777777778,0.7567567567567568,36.0
4.0,1.0,1.0,1.0,40.0
accuracy,0.78125,0.78125,0.78125,0.78125
macro avg,0.778266898864809,0.7820791580008823,0.7781635481635483,160.0
weighted avg,0.777561838880289,0.78125,0.7773343728343729,160.0
