,precision,recall,f1-score,support
1.0,1.0,1.0,1.0,97.0
2.0,0.9595959595959596,0.9693877551020408,0.9644670050761421,98.0
3.0,0.9642857142857143,0.9529411764705882,0.9585798816568047,85.0
4.0,1.0,1.0,1.0,80.0
accuracy,0.9805555555555555,0.9805555555555555,0.9805555555555555,0.9805555555555555
macro avg,0.9809704184704184,0.9805822328931573,0.9807617216832367,360.0
weighted avg,0.980568582651916,0.9805555555555555,0.9805473789952509,360.0
