,precision,recall,f1-score,support
1.0,0.6530612244897959,0.7441860465116279,0.6956521739130435,43.0
2.0,0.5483870967741935,0.4146341463414634,0.4722222222222222,41.0
3.0,0.625,0.6944444444444444,0.6578947368421053,36.0
4.0,1.0,1.0,1.0,40.0
accuracy,0.7125,0.7125,0.7125,0.7125
macro avg,0.7066120803159973,0.713316159324384,0.7064422832443428,160.0
weighted avg,0.7066593976300197,0.7125,0.7059897819730485,160.0
