,precision,recall,f1-score,support
1,0.5208333333333334,0.5,0.5102040816326531,100.0
2,0.40425531914893614,0.19,0.2585034013605442,100.0
3,0.5923566878980892,0.93,0.7237354085603113,100.0
4,1.0,1.0,1.0,100.0
accuracy,0.655,0.655,0.655,0.655
macro avg,0.6293613350950896,0.655,0.6231107228883771,400.0
weighted avg,0.6293613350950896,0.655,0.6231107228883771,400.0
