,precision,recall,f1-score,support
1.0,1.0,1.0,1.0,97.0
2.0,0.5355191256830601,1.0,0.697508896797153,98.0
3.0,0.0,0.0,0.0,85.0
4.0,1.0,1.0,1.0,80.0
accuracy,0.7638888888888888,0.7638888888888888,0.7638888888888888,0.7638888888888888
macro avg,0.6338797814207651,0.75,0.6743772241992882,360.0
weighted avg,0.6374468731026108,0.7638888888888888,0.6815440885725583,360.0
