,precision,recall,f1-score,support
1,0.5517241379310345,0.38095238095238093,0.4507042253521127,42.0
2,0.4423076923076923,0.6764705882352942,0.5348837209302325,34.0
3,0.8974358974358975,0.7954545454545454,0.8433734939759037,44.0
4,1.0,1.0,1.0,40.0
accuracy,0.7125,0.7125,0.7125,0.7125
macro avg,0.722866931918656,0.7132193786605552,0.7072403600645623,160.0
weighted avg,0.735612842617153,0.7125,0.7139003606959775,160.0
