,precision,recall,f1-score,support
1.0,0.9900199600798403,0.9821782178217822,0.9860834990059643,505.0
2.0,0.8392434988179669,0.7734204793028322,0.8049886621315193,459.0
3.0,0.8037735849056604,0.8693877551020408,0.8352941176470589,490.0
4.0,1.0,1.0,1.0,506.0
accuracy,0.9096938775510204,0.9096938775510204,0.9096938775510204,0.9096938775510204
macro avg,0.9082592609508668,0.9062466130566638,0.9065915696961356,1960.0
weighted avg,0.9107254604089488,0.9096938775510204,0.909569428858897,1960.0
