,precision,recall,f1-score,support
1,0.3333333333333333,0.91,0.4879356568364611,100.0
2,0.0,0.0,0.0,100.0
3,0.37037037037037035,0.1,0.15748031496062992,100.0
4,1.0,1.0,1.0,100.0
accuracy,0.5025,0.5025,0.5025,0.5025
macro avg,0.42592592592592593,0.5025,0.4113539929492728,400.0
weighted avg,0.42592592592592593,0.5025,0.4113539929492728,400.0
