,precision,recall,f1-score,support
1,0.5869565217391305,0.54,0.5625,100.0
2,0.5303030303030303,0.35,0.42168674698795183,100.0
3,0.5845070422535211,0.83,0.6859504132231405,100.0
4,1.0,1.0,1.0,100.0
accuracy,0.68,0.68,0.68,0.68
macro avg,0.6754416485739204,0.6799999999999999,0.6675342900527731,400.0
weighted avg,0.6754416485739205,0.68,0.6675342900527731,400.0
