,precision,recall,f1-score,support
1.0,0.9782608695652174,0.989010989010989,0.9836065573770492,182.0
2.0,0.8472906403940886,0.8911917098445595,0.8686868686868687,193.0
3.0,0.9,0.8406593406593407,0.8693181818181818,182.0
4.0,1.0,1.0,1.0,203.0
accuracy,0.9315789473684211,0.9315789473684211,0.9315789473684211,0.9315789473684211
macro avg,0.9313878774898265,0.9302155098787224,0.9304029019705249,760.0
weighted avg,0.9320665419170114,0.9315789473684211,0.9314327213027601,760.0
