,precision,recall,f1-score,support
1.0,0.35294117647058826,0.13953488372093023,0.2,43.0
2.0,0.3469387755102041,0.4146341463414634,0.37777777777777777,41.0
3.0,0.4074074074074074,0.6111111111111112,0.4888888888888889,36.0
4.0,1.0,1.0,1.0,40.0
accuracy,0.53125,0.53125,0.53125,0.53125
macro avg,0.5268218398470499,0.5413200352933762,0.5166666666666666,160.0
weighted avg,0.5254226690676271,0.53125,0.5105555555555555,160.0
