,precision,recall,f1-score,support
1,0.4777777777777778,0.43,0.45263157894736844,100.0
2,0.5086206896551724,0.59,0.5462962962962963,100.0
3,0.6595744680851063,0.62,0.6391752577319587,100.0
4,1.0,1.0,1.0,100.0
accuracy,0.66,0.66,0.66,0.66
macro avg,0.6614932338795141,0.66,0.6595257832439059,400.0
weighted avg,0.6614932338795141,0.66,0.6595257832439059,400.0
