,precision,recall,f1-score,support
1.0,0.9787234042553191,0.9484536082474226,0.9633507853403142,97.0
2.0,0.9148936170212766,0.8775510204081632,0.8958333333333334,98.0
3.0,0.8804347826086957,0.9529411764705882,0.9152542372881356,85.0
4.0,1.0,1.0,1.0,80.0
accuracy,0.9416666666666667,0.9416666666666667,0.9416666666666667,0.9416666666666667
macro avg,0.9435129509713228,0.9447364512815435,0.9436095889904458,360.0
weighted avg,0.9428686144516394,0.9416666666666667,0.9417591750393574,360.0
