,precision,recall,f1-score,support
1.0,0.7619047619047619,0.7441860465116279,0.7529411764705882,43.0
2.0,0.6571428571428571,0.5609756097560976,0.6052631578947368,41.0
3.0,0.627906976744186,0.75,0.6835443037974683,36.0
4.0,1.0,1.0,1.0,40.0
accuracy,0.7625,0.7625,0.7625,0.7625
macro avg,0.7617386489479512,0.7637904140669314,0.7604371595406983,160.0
weighted avg,0.7644338316722037,0.7625,0.7612490937414272,160.0
