,precision,recall,f1-score,support
1.0,1.0,1.0,1.0,969.0
2.0,0.8825910931174089,0.8755020080321285,0.8790322580645161,996.0
3.0,0.8816326530612245,0.8834355828220859,0.8825331971399387,978.0
4.0,0.9814271749755621,0.9872173058013766,0.984313725490196,1017.0
accuracy,0.9366161616161616,0.9366161616161616,0.9366161616161616,0.9366161616161616
macro avg,0.9364127302885489,0.9365387241638977,0.9364697951736627,3960.0
weighted avg,0.9364668940376171,0.9366161616161616,0.9365355188531939,3960.0
