,precision,recall,f1-score,support
1.0,0.9512195121951219,0.9069767441860465,0.9285714285714286,43.0
2.0,0.8863636363636364,0.9512195121951219,0.9176470588235294,41.0
3.0,0.9428571428571428,0.9166666666666666,0.9295774647887324,36.0
4.0,1.0,1.0,1.0,40.0
accuracy,0.94375,0.94375,0.94375,0.94375
macro avg,0.9451100728539752,0.9437157307619587,0.9439489880459226,160.0
weighted avg,0.944913782863478,0.94375,0.9438555598295657,160.0
