,precision,recall,f1-score,support
1.0,1.0,0.994059405940594,0.997020854021847,505.0
2.0,0.9405286343612335,0.9302832244008714,0.9353778751369113,459.0
3.0,0.9357429718875502,0.9510204081632653,0.9433198380566802,490.0
4.0,1.0,1.0,1.0,506.0
accuracy,0.9698979591836735,0.9698979591836735,0.9698979591836735,0.9698979591836735
macro avg,0.9690679015621959,0.9688407596261827,0.9689296418038597,1960.0
weighted avg,0.9700085201003601,0.9698979591836735,0.9699289268452287,1960.0
