,precision,recall,f1-score,support
1.0,0.7169811320754716,0.8837209302325582,0.7916666666666666,43.0
2.0,0.7567567567567568,0.6829268292682927,0.717948717948718,41.0
3.0,0.8666666666666667,0.7222222222222222,0.7878787878787878,36.0
4.0,1.0,1.0,1.0,40.0
accuracy,0.825,0.825,0.825,0.825
macro avg,0.8351011388747238,0.8222174954307683,0.824373543123543,160.0
weighted avg,0.8316075981642019,0.825,0.8240075029137529,160.0
