,precision,recall,f1-score,support
1,0.30793650793650795,0.97,0.4674698795180723,100.0
2,0.0,0.0,0.0,100.0
3,0.25,0.01,0.019230769230769232,100.0
4,1.0,0.8,0.8888888888888888,100.0
accuracy,0.445,0.445,0.445,0.445
macro avg,0.389484126984127,0.445,0.34389738440943257,400.0
weighted avg,0.38948412698412693,0.445,0.3438973844094326,400.0
