,precision,recall,f1-score,support
1,0.4742268041237113,0.92,0.6258503401360545,100.0
2,0.05102040816326531,0.05,0.050505050505050504,100.0
3,0.375,0.03,0.05555555555555555,100.0
4,1.0,1.0,1.0,100.0
accuracy,0.5,0.5,0.5,0.5
macro avg,0.47506180307174417,0.5,0.43297773654916516,400.0
weighted avg,0.47506180307174417,0.5,0.4329777365491651,400.0
