,precision,recall,f1-score,support
1,0.6031746031746031,0.38,0.4662576687116564,100.0
2,0.375,0.33,0.35106382978723405,100.0
3,0.5503355704697986,0.82,0.6586345381526104,100.0
4,1.0,1.0,1.0,100.0
accuracy,0.6325,0.6325,0.6325,0.6325
macro avg,0.6321275434111004,0.6325,0.6189890091628752,400.0
weighted avg,0.6321275434111004,0.6325,0.6189890091628751,400.0
