,precision,recall,f1-score,support
1.0,0.6842105263157895,0.6046511627906976,0.6419753086419753,43.0
2.0,0.675,0.6585365853658537,0.6666666666666666,41.0
3.0,0.7380952380952381,0.8611111111111112,0.7948717948717948,36.0
4.0,1.0,1.0,1.0,40.0
accuracy,0.775,0.775,0.775,0.775
macro avg,0.774326441102757,0.7810747148169156,0.7758784425451092,160.0
weighted avg,0.772921757518797,0.775,0.772210351377018,160.0
