,precision,recall,f1-score,support
1,0.2551440329218107,0.62,0.36151603498542273,100.0
2,0.25263157894736843,0.24,0.24615384615384617,100.0
3,0.3333333333333333,0.14,0.19718309859154928,100.0
4,1.0,0.2,0.3333333333333333,100.0
accuracy,0.3,0.3,0.3,0.3
macro avg,0.4602772363006281,0.3,0.28454657826603785,400.0
weighted avg,0.4602772363006281,0.3,0.28454657826603785,400.0
