,precision,recall,f1-score,support
1.0,0.660377358490566,0.813953488372093,0.7291666666666666,43.0
2.0,0.6470588235294118,0.5365853658536586,0.5866666666666667,41.0
3.0,0.7272727272727273,0.6666666666666666,0.6956521739130435,36.0
4.0,1.0,1.0,1.0,40.0
accuracy,0.75625,0.75625,0.75625,0.75625
macro avg,0.7586772273231763,0.7543013802231046,0.7528713768115942,160.0
weighted avg,0.7569216022601151,0.75625,0.7528186141304347,160.0
