,precision,recall,f1-score,support
1.0,0.813953488372093,0.813953488372093,0.813953488372093,43.0
2.0,0.7714285714285715,0.6585365853658537,0.7105263157894737,41.0
3.0,0.7380952380952381,0.8611111111111112,0.7948717948717948,36.0
4.0,1.0,1.0,1.0,40.0
accuracy,0.83125,0.83125,0.83125,0.83125
macro avg,0.8308693244739757,0.8334002962122644,0.8298378997583403,160.0
weighted avg,0.8324999999999999,0.83125,0.8296685222672064,160.0
