,precision,recall,f1-score,support
1.0,0.775,0.7209302325581395,0.7469879518072289,43.0
2.0,0.7317073170731707,0.7317073170731707,0.7317073170731707,41.0
3.0,0.8205128205128205,0.8888888888888888,0.8533333333333334,36.0
4.0,1.0,1.0,1.0,40.0
accuracy,0.83125,0.83125,0.83125,0.83125
macro avg,0.8318050343964978,0.8353816096300497,0.8330071505534332,160.0
weighted avg,0.8303966346153846,0.83125,0.8302530120481928,160.0
