,precision,recall,f1-score,support
1,0.4915254237288136,0.58,0.5321100917431193,100.0
2,0.35185185185185186,0.19,0.24675324675324675,100.0
3,0.2719298245614035,0.62,0.3780487804878049,100.0
4,0.0,0.0,0.0,100.0
accuracy,0.3475,0.3475,0.3475,0.3475
macro avg,0.2788267750355172,0.34750000000000003,0.2892280297460427,400.0
weighted avg,0.2788267750355173,0.3475,0.2892280297460427,400.0
