,precision,recall,f1-score,support
1.0,0.5882352941176471,0.6976744186046512,0.6382978723404256,43.0
2.0,0.5483870967741935,0.4146341463414634,0.4722222222222222,41.0
3.0,0.5789473684210527,0.6111111111111112,0.5945945945945946,36.0
4.0,1.0,1.0,1.0,40.0
accuracy,0.68125,0.68125,0.68125,0.68125
macro avg,0.6788924398282233,0.6808549190143065,0.6762786722893106,160.0
weighted avg,0.6788755867372416,0.68125,0.6763332814197176,160.0
