,precision,recall,f1-score,support
1,0.009900990099009901,0.01,0.009950248756218905,100.0
2,0.0,0.0,0.0,100.0
3,0.0,0.0,0.0,100.0
4,0.0,0.0,0.0,100.0
accuracy,0.0025,0.0025,0.0025,0.0025
macro avg,0.0024752475247524753,0.0025,0.0024875621890547263,400.0
weighted avg,0.0024752475247524753,0.0025,0.0024875621890547263,400.0
