,precision,recall,f1-score,support
1.0,0.6904761904761905,0.6744186046511628,0.6823529411764706,43.0
2.0,0.675,0.6585365853658537,0.6666666666666666,41.0
3.0,0.7368421052631579,0.7777777777777778,0.7567567567567568,36.0
4.0,1.0,1.0,1.0,40.0
accuracy,0.775,0.775,0.775,0.775
macro avg,0.7755795739348371,0.7776832419486985,0.7764440911499735,160.0
weighted avg,0.7743236998746867,0.775,0.77448595654478,160.0
