,precision,recall,f1-score,support
1.0,0.6129032258064516,0.7835051546391752,0.6877828054298643,97.0
2.0,0.6349206349206349,0.40816326530612246,0.4968944099378882,98.0
3.0,0.5591397849462365,0.611764705882353,0.5842696629213483,85.0
4.0,1.0,1.0,1.0,80.0
accuracy,0.6888888888888889,0.6888888888888889,0.6888888888888889,0.6888888888888889
macro avg,0.7017409114183307,0.7008582814569126,0.6922367195722752,360.0
weighted avg,0.6922242134607726,0.6888888888888889,0.6807597379136792,360.0
