,precision,recall,f1-score,support
1,0.0,0.0,0.0,100.0
2,0.0,0.0,0.0,100.0
3,0.3333333333333333,1.0,0.5,100.0
4,0.0,0.0,0.0,100.0
accuracy,0.25,0.25,0.25,0.25
macro avg,0.08333333333333333,0.25,0.125,400.0
weighted avg,0.08333333333333331,0.25,0.125,400.0
