,precision,recall,f1-score,support
1,0.5185185185185185,0.42,0.46408839779005523,100.0
2,0.40350877192982454,0.23,0.2929936305732484,100.0
3,0.2633587786259542,0.69,0.3812154696132597,100.0
4,0.0,0.0,0.0,100.0
accuracy,0.335,0.335,0.335,0.335
macro avg,0.2963465172685743,0.33499999999999996,0.2845743744941408,400.0
weighted avg,0.2963465172685743,0.335,0.28457437449414086,400.0
