,precision,recall,f1-score,support
1.0,1.0,1.0,1.0,969.0
2.0,0.8145491803278688,0.7981927710843374,0.8062880324543611,996.0
3.0,0.8090815273477813,0.8016359918200409,0.805341551104263,978.0
4.0,0.9359464627151052,0.9626352015732547,0.9491032476975279,1017.0
accuracy,0.8906565656565657,0.8906565656565657,0.8906565656565657,0.8906565656565657
macro avg,0.8898942925976888,0.8906159911194083,0.890183207814038,3960.0
weighted avg,0.8897551186701893,0.8906565656565657,0.8901325556093178,3960.0
