,precision,recall,f1-score,support
1.0,0.71875,0.5348837209302325,0.6133333333333333,43.0
2.0,0.6530612244897959,0.7804878048780488,0.7111111111111111,41.0
3.0,0.6923076923076923,0.75,0.72,36.0
4.0,1.0,1.0,1.0,40.0
accuracy,0.7625,0.7625,0.7625,0.7625
macro avg,0.7660297291993721,0.7663428814520703,0.7611111111111111,160.0
weighted avg,0.7662802320447409,0.7625,0.7590555555555556,160.0
