,precision,recall,f1-score,support
1.0,0.75,0.6976744186046512,0.7228915662650602,43.0
2.0,0.6666666666666666,0.7317073170731707,0.6976744186046512,41.0
3.0,0.8285714285714286,0.8055555555555556,0.8169014084507042,36.0
4.0,1.0,1.0,1.0,40.0
accuracy,0.80625,0.80625,0.80625,0.80625
macro avg,0.8113095238095238,0.8087343228083443,0.809366848330104,160.0
weighted avg,0.8088244047619048,0.80625,0.8068589951025853,160.0
