,precision,recall,f1-score,support
0.0,0.8461538461538461,1.0,0.9166666666666666,11.0
1.0,1.0,0.2,0.33333333333333337,5.0
2.0,0.8181818181818182,1.0,0.9,9.0
3.0,1.0,1.0,1.0,7.0
accuracy,0.875,0.875,0.875,0.875
macro avg,0.9160839160839161,0.8,0.7875,32.0
weighted avg,0.895979020979021,0.875,0.8390625,32.0
