,precision,recall,f1-score,support
1,0.1724137931034483,0.25,0.20408163265306123,100.0
2,0.509090909090909,0.28,0.36129032258064514,100.0
3,0.0,0.0,0.0,100.0
4,1.0,1.0,1.0,100.0
accuracy,0.3825,0.3825,0.3825,0.3825
macro avg,0.4203761755485893,0.3825,0.3913429888084266,400.0
weighted avg,0.4203761755485893,0.3825,0.39134298880842655,400.0
