,precision,recall,f1-score,support
1,1.0,0.64,0.7804878048780487,100.0
2,0.9857142857142858,0.69,0.8117647058823529,100.0
3,0.6,0.99,0.7471698113207548,100.0
4,0.9900990099009901,1.0,0.9950248756218906,100.0
accuracy,0.83,0.83,0.83,0.83
macro avg,0.893953323903819,0.8300000000000001,0.8336117994257617,400.0
weighted avg,0.893953323903819,0.83,0.8336117994257617,400.0
