,precision,recall,f1-score,support
0.0,0.0,0.0,0.0,11.0
1.0,0.0,0.0,0.0,5.0
2.0,1.0,0.1111111111111111,0.19999999999999998,9.0
3.0,0.22580645161290322,1.0,0.3684210526315789,7.0
accuracy,0.25,0.25,0.25,0.25
macro avg,0.3064516129032258,0.2777777777777778,0.14210526315789473,32.0
weighted avg,0.33064516129032256,0.25,0.13684210526315788,32.0
