,precision,recall,f1-score,support
1,0.0,0.0,0.0,100.0
2,0.26706231454005935,0.9,0.41189931350114417,100.0
3,0.0,0.0,0.0,100.0
4,0.0,0.0,0.0,100.0
accuracy,0.225,0.225,0.225,0.225
macro avg,0.06676557863501484,0.225,0.10297482837528604,400.0
weighted avg,0.06676557863501484,0.225,0.10297482837528606,400.0
