,precision,recall,f1-score,support
1,0.0,0.0,0.0,100.0
2,0.0,0.0,0.0,100.0
3,0.3220338983050847,0.95,0.48101265822784806,100.0
4,1.0,1.0,1.0,100.0
accuracy,0.4875,0.4875,0.4875,0.4875
macro avg,0.3305084745762712,0.4875,0.370253164556962,400.0
weighted avg,0.33050847457627114,0.4875,0.370253164556962,400.0
