,precision,recall,f1-score,support
1,0.9894736842105263,0.94,0.964102564102564,100.0
2,0.9423076923076923,0.98,0.9607843137254902,100.0
3,0.9603960396039604,0.97,0.9651741293532338,100.0
4,1.0,1.0,1.0,100.0
accuracy,0.9725,0.9725,0.9725,0.9725
macro avg,0.9730443540305447,0.9724999999999999,0.9725152517953219,400.0
weighted avg,0.9730443540305447,0.9725,0.9725152517953219,400.0
