,precision,recall,f1-score,support
1,0.16101694915254236,0.19,0.1743119266055046,100.0
2,0.5625,0.09,0.15517241379310345,100.0
3,0.06790123456790123,0.11,0.08396946564885495,100.0
4,0.9615384615384616,1.0,0.9803921568627451,100.0
accuracy,0.3475,0.3475,0.3475,0.3475
macro avg,0.4382391613147263,0.34750000000000003,0.348461490727552,400.0
weighted avg,0.4382391613147263,0.3475,0.34846149072755195,400.0
