,precision,recall,f1-score,support
1,0.35714285714285715,0.05,0.08771929824561403,100.0
2,0.358695652173913,0.66,0.4647887323943662,100.0
3,0.0784313725490196,0.08,0.07920792079207921,100.0
4,1.0,1.0,1.0,100.0
accuracy,0.4475,0.4475,0.4475,0.4475
macro avg,0.44856747046644746,0.4475,0.40792898785801485,400.0
weighted avg,0.4485674704664474,0.4475,0.40792898785801485,400.0
