,precision,recall,f1-score,support
0.0,0.0,0.0,0.0,11.0
1.0,0.0,0.0,0.0,5.0
2.0,0.0,0.0,0.0,9.0
3.0,0.21875,1.0,0.358974358974359,7.0
accuracy,0.21875,0.21875,0.21875,0.21875
macro avg,0.0546875,0.25,0.08974358974358974,32.0
weighted avg,0.0478515625,0.21875,0.07852564102564102,32.0
