,precision,recall,f1-score,support
0.0,0.25,0.09090909090909091,0.13333333333333333,11.0
1.0,0.0,0.0,0.0,5.0
2.0,0.26666666666666666,0.4444444444444444,0.33333333333333337,9.0
3.0,0.0,0.0,0.0,7.0
accuracy,0.15625,0.15625,0.15625,0.15625
macro avg,0.12916666666666665,0.13383838383838384,0.11666666666666667,32.0
weighted avg,0.1609375,0.15625,0.13958333333333334,32.0
