,precision,recall,f1-score,support
1,0.3333333333333333,0.03,0.055045871559633024,100.0
2,0.75,0.09,0.16071428571428573,100.0
3,0.16666666666666666,0.06,0.08823529411764705,100.0
4,0.2915451895043732,1.0,0.45146726862302483,100.0
accuracy,0.295,0.295,0.295,0.295
macro avg,0.3853862973760933,0.295,0.18886568000364767,400.0
weighted avg,0.38538629737609326,0.295,0.18886568000364767,400.0
