,precision,recall,f1-score,support
0,0.8,0.7441860465116279,0.7710843373493976,43.0
1,0.7142857142857143,0.7317073170731707,0.7228915662650602,41.0
2,0.7631578947368421,0.8055555555555556,0.7837837837837838,36.0
3,1.0,1.0,1.0,40.0
accuracy,0.81875,0.81875,0.81875,0.81875
macro avg,0.8193609022556391,0.8203622297850885,0.8194399218495604,160.0
weighted avg,0.8197462406015038,0.81875,0.8188212308694236,160.0
