,precision,recall,f1-score,support
1,0.19753086419753085,0.16,0.17679558011049723,100.0
2,0.3076923076923077,0.32,0.3137254901960784,100.0
3,0.02608695652173913,0.03,0.027906976744186043,100.0
4,1.0,1.0,1.0,100.0
accuracy,0.3775,0.3775,0.3775,0.3775
macro avg,0.38282753210289444,0.3775,0.3796070117626904,400.0
weighted avg,0.38282753210289444,0.3775,0.3796070117626904,400.0
