,precision,recall,f1-score,support
1,0.13636363636363635,0.09,0.10843373493975904,100.0
2,0.5,0.1,0.16666666666666669,100.0
3,0.22897196261682243,0.49,0.3121019108280255,100.0
4,1.0,1.0,1.0,100.0
accuracy,0.42,0.42,0.42,0.42
macro avg,0.4663338997451147,0.42,0.3968005781086128,400.0
weighted avg,0.46633389974511474,0.42,0.39680057810861286,400.0
