,precision,recall,f1-score,support
1,0.5,0.29,0.36708860759493667,100.0
2,0.4186046511627907,0.36,0.38709677419354843,100.0
3,0.09554140127388536,0.15,0.11673151750972763,100.0
4,0.0,0.0,0.0,100.0
accuracy,0.2,0.2,0.2,0.2
macro avg,0.253536513109169,0.19999999999999998,0.2177292248245532,400.0
weighted avg,0.253536513109169,0.2,0.21772922482455317,400.0
