,precision,recall,f1-score,support
1,0.6666666666666666,0.02,0.038834951456310676,100.0
2,0.25,0.02,0.037037037037037035,100.0
3,0.34256055363321797,0.99,0.5089974293059125,100.0
4,1.0,1.0,1.0,100.0
accuracy,0.5075,0.5075,0.5075,0.5075
macro avg,0.5648068050749712,0.5075000000000001,0.3962173544498151,400.0
weighted avg,0.5648068050749712,0.5075,0.39621735444981504,400.0
