,precision,recall,f1-score,support
0.0,0.9090909090909091,0.9090909090909091,0.9090909090909091,11.0
1.0,0.6666666666666666,0.8,0.7272727272727272,5.0
2.0,1.0,0.8888888888888888,0.9411764705882353,9.0
3.0,1.0,1.0,1.0,7.0
accuracy,0.90625,0.90625,0.90625,0.90625
macro avg,0.8939393939393939,0.8994949494949495,0.8943850267379678,32.0
weighted avg,0.9166666666666666,0.90625,0.9095922459893049,32.0
