,precision,recall,f1-score,support
0.0,0.0,0.0,0.0,11.0
1.0,0.1111111111111111,0.6,0.18750000000000003,5.0
2.0,0.0,0.0,0.0,9.0
3.0,0.0,0.0,0.0,7.0
accuracy,0.09375,0.09375,0.09375,0.09375
macro avg,0.027777777777777776,0.15,0.04687500000000001,32.0
weighted avg,0.017361111111111112,0.09375,0.029296875000000003,32.0
