,precision,recall,f1-score,support
0.0,0.8,0.7272727272727273,0.761904761904762,11.0
1.0,1.0,0.6,0.7499999999999999,5.0
2.0,0.75,1.0,0.8571428571428571,9.0
3.0,1.0,1.0,1.0,7.0
accuracy,0.84375,0.84375,0.84375,0.84375
macro avg,0.8875,0.8318181818181818,0.8422619047619048,32.0
weighted avg,0.8609375,0.84375,0.8389136904761905,32.0
