,precision,recall,f1-score,support
1,0.19480519480519481,0.15,0.16949152542372883,100.0
2,0.38095238095238093,0.4,0.3902439024390244,100.0
3,0.09322033898305085,0.11,0.10091743119266054,100.0
4,1.0,1.0,1.0,100.0
accuracy,0.415,0.415,0.415,0.415
macro avg,0.41724447868515663,0.41500000000000004,0.4151632147638534,400.0
weighted avg,0.4172444786851567,0.415,0.4151632147638534,400.0
