,precision,recall,f1-score,support
1,0.0,0.0,0.0,96.0
2,0.3333333333333333,0.021052631578947368,0.0396039603960396,95.0
3,0.3333333333333333,0.9591836734693877,0.49473684210526314,98.0
4,1.0,1.0,1.0,95.0
accuracy,0.4973958333333333,0.4973958333333333,0.4973958333333333,0.4973958333333333
macro avg,0.41666666666666663,0.4950590762620838,0.3835852006253257,384.0
weighted avg,0.4149305555555555,0.4973958333333333,0.38345465303109255,384.0
