,precision,recall,f1-score,support
1,0.5,0.01,0.0196078431372549,100.0
2,0.16666666666666666,0.01,0.018867924528301886,100.0
3,0.3253424657534247,0.95,0.4846938775510204,100.0
4,1.0,1.0,1.0,100.0
accuracy,0.4925,0.4925,0.4925,0.4925
macro avg,0.4980022831050228,0.4925,0.3807924113041443,400.0
weighted avg,0.49800228310502276,0.4925,0.3807924113041443,400.0
