,precision,recall,f1-score,support
0.0,1.0,0.8181818181818182,0.9,11.0
1.0,0.8333333333333334,1.0,0.9090909090909091,5.0
2.0,0.8,0.8888888888888888,0.8421052631578948,9.0
3.0,1.0,1.0,1.0,7.0
accuracy,0.90625,0.90625,0.90625,0.90625
macro avg,0.9083333333333334,0.9267676767676768,0.9127990430622009,32.0
weighted avg,0.9177083333333333,0.90625,0.9070125598086125,32.0
