,precision,recall,f1-score,support
1,0.20224719101123595,0.18,0.1904761904761905,100.0
2,0.32432432432432434,0.24,0.27586206896551724,100.0
3,0.051094890510948905,0.07,0.059071729957805914,100.0
4,1.0,1.0,1.0,100.0
accuracy,0.3725,0.3725,0.3725,0.3725
macro avg,0.3944166014616273,0.3725,0.3813524973498784,400.0
weighted avg,0.3944166014616273,0.3725,0.38135249734987836,400.0
