,precision,recall,f1-score,support
1,0.0,0.0,0.0,100.0
2,0.0,0.0,0.0,100.0
3,0.3288590604026846,0.98,0.49246231155778897,100.0
4,1.0,1.0,1.0,100.0
accuracy,0.495,0.495,0.495,0.495
macro avg,0.33221476510067116,0.495,0.37311557788944727,400.0
weighted avg,0.3322147651006711,0.495,0.37311557788944727,400.0
