,precision,recall,f1-score,support
0.0,0.9,0.8181818181818182,0.8571428571428572,11.0
1.0,0.8,0.8,0.8000000000000002,5.0
2.0,0.9,1.0,0.9473684210526316,9.0
3.0,1.0,1.0,1.0,7.0
accuracy,0.90625,0.90625,0.90625,0.90625
macro avg,0.9,0.9045454545454545,0.9011278195488723,32.0
weighted avg,0.90625,0.90625,0.9048402255639099,32.0
