,precision,recall,f1-score,support
0.0,0.3448275862068966,0.27522935779816515,0.30612244897959184,109.0
1.0,0.375,0.358695652173913,0.3666666666666666,92.0
2.0,0.3191489361702128,0.297029702970297,0.30769230769230776,101.0
3.0,0.25217391304347825,0.35365853658536583,0.29441624365482233,82.0
accuracy,0.3177083333333333,0.3177083333333333,0.3177083333333333,0.3177083333333333
macro avg,0.3227876088551469,0.32115331238193523,0.3187244167483471,384.0
weighted avg,0.3255169539565324,0.3177083333333333,0.3185409774185608,384.0
