,precision,recall,f1-score,support
1,0.3,0.25,0.2727272727272727,12.0
2,0.3333333333333333,0.7777777777777778,0.4666666666666666,9.0
3,0.0,0.0,0.0,11.0
4,0.0,0.0,0.0,8.0
accuracy,0.25,0.25,0.25,0.25
macro avg,0.15833333333333333,0.2569444444444444,0.18484848484848482,40.0
weighted avg,0.16499999999999998,0.25,0.1868181818181818,40.0
