,precision,recall,f1-score,support
1,0.15730337078651685,0.14,0.14814814814814817,100.0
2,0.42857142857142855,0.15,0.2222222222222222,100.0
3,0.08620689655172414,0.15,0.10948905109489052,100.0
4,0.9803921568627451,1.0,0.99009900990099,100.0
accuracy,0.36,0.36,0.36,0.36
macro avg,0.41311846319310364,0.36,0.3674896078415627,400.0
weighted avg,0.41311846319310364,0.36,0.36748960784156276,400.0
