,precision,recall,f1-score,support
1,0.12380952380952381,0.13,0.12682926829268293,100.0
2,0.525,0.21,0.3,100.0
3,0.06711409395973154,0.1,0.08032128514056226,100.0
4,0.9433962264150944,1.0,0.970873786407767,100.0
accuracy,0.36,0.36,0.36,0.36
macro avg,0.41482996104608744,0.36,0.36950608496025306,400.0
weighted avg,0.41482996104608744,0.36,0.3695060849602531,400.0
