,precision,recall,f1-score,support
1,0.9166666666666666,1.0,0.9565217391304348,11.0
2,1.0,0.8,0.888888888888889,5.0
3,1.0,1.0,1.0,9.0
4,1.0,1.0,1.0,7.0
accuracy,0.96875,0.96875,0.96875,0.96875
macro avg,0.9791666666666666,0.95,0.961352657004831,32.0
weighted avg,0.9713541666666666,0.96875,0.9676932367149759,32.0
