,precision,recall,f1-score,support
0.0,1.0,0.8181818181818182,0.9,11.0
1.0,0.8333333333333334,1.0,0.9090909090909091,5.0
2.0,0.9,1.0,0.9473684210526316,9.0
3.0,1.0,1.0,1.0,7.0
accuracy,0.9375,0.9375,0.9375,0.9375
macro avg,0.9333333333333333,0.9545454545454546,0.9391148325358851,32.0
weighted avg,0.9458333333333333,0.9375,0.9366178229665072,32.0
