,precision,recall,f1-score,support
1,0.0,0.0,0.0,100.0
2,0.0,0.0,0.0,100.0
3,0.25,0.52,0.33766233766233766,100.0
4,0.25,0.48,0.3287671232876712,100.0
accuracy,0.25,0.25,0.25,0.25
macro avg,0.125,0.25,0.16660736523750222,400.0
weighted avg,0.125,0.25,0.16660736523750225,400.0
