,precision,recall,f1-score,support
1.0,0.0,0.0,0.0,280.0
2.0,0.0,0.0,0.0,280.0
3.0,0.25678119349005424,0.5071428571428571,0.34093637454981995,280.0
4.0,0.26102292768959434,0.5285714285714286,0.34946871310507677,280.0
accuracy,0.25892857142857145,0.25892857142857145,0.25892857142857145,0.25892857142857145
macro avg,0.12945103029491214,0.2589285714285714,0.17260127191372418,1120.0
weighted avg,0.12945103029491214,0.25892857142857145,0.17260127191372418,1120.0
