,precision,recall,f1-score,support
1,0.0,0.0,0.0,100.0
2,0.3333333333333333,1.0,0.5,100.0
3,0.0,0.0,0.0,100.0
4,1.0,1.0,1.0,100.0
accuracy,0.5,0.5,0.5,0.5
macro avg,0.3333333333333333,0.5,0.375,400.0
weighted avg,0.33333333333333326,0.5,0.375,400.0
