,precision,recall,f1-score,support
1,0.528169014084507,0.75,0.6198347107438017,100.0
2,0.18181818181818182,0.04,0.06557377049180328,100.0
3,0.6029411764705882,0.82,0.6949152542372882,100.0
4,1.0,1.0,1.0,100.0
accuracy,0.6525,0.6525,0.6525,0.6525
macro avg,0.5782320930933192,0.6525,0.5950809338682232,400.0
weighted avg,0.5782320930933192,0.6525,0.5950809338682232,400.0
