,precision,recall,f1-score,support
1,0.4117647058823529,0.5,0.45161290322580644,42.0
2,0.1794871794871795,0.20588235294117646,0.1917808219178082,34.0
3,0.6296296296296297,0.38636363636363635,0.4788732394366197,44.0
4,0.32558139534883723,0.35,0.3373493975903614,40.0
accuracy,0.36875,0.36875,0.36875,0.36875
macro avg,0.3866157275869998,0.36056149732620324,0.36490409054264894,160.0
weighted avg,0.40077275792050077,0.36875,0.3753293019969692,160.0
