,precision,recall,f1-score,support
1.0,0.7699115044247787,0.8787878787878788,0.8207547169811321,99.0
2.0,0.6951219512195121,0.5757575757575758,0.6298342541436464,99.0
3.0,0.7830188679245284,0.8383838383838383,0.8097560975609757,99.0
4.0,1.0,0.9595959595959596,0.979381443298969,99.0
accuracy,0.8131313131313131,0.8131313131313131,0.8131313131313131,0.8131313131313131
macro avg,0.8120130808922048,0.8131313131313131,0.8099316279961808,396.0
weighted avg,0.8120130808922048,0.8131313131313131,0.8099316279961808,396.0
