,precision,recall,f1-score,support
1.0,0.7568807339449541,0.8208955223880597,0.7875894988066826,201.0
2.0,0.6666666666666666,0.5572139303482587,0.6070460704607046,201.0
3.0,0.7674418604651163,0.8208955223880597,0.7932692307692307,201.0
4.0,0.9802955665024631,0.9900497512437811,0.9851485148514851,201.0
accuracy,0.7972636815920398,0.7972636815920398,0.7972636815920398,0.7972636815920398
macro avg,0.7928212068948001,0.7972636815920398,0.7932633287220258,804.0
weighted avg,0.7928212068948001,0.7972636815920398,0.7932633287220257,804.0
