,precision,recall,f1-score,support
1.0,0.7883310719131614,0.83,0.8086290883785665,700.0
2.0,0.6892561983471074,0.5957142857142858,0.639080459770115,700.0
3.0,0.7808041504539559,0.86,0.8184908225696805,700.0
4.0,0.9868995633187773,0.9685714285714285,0.9776496034607065,700.0
accuracy,0.8135714285714286,0.8135714285714286,0.8135714285714286,0.8135714285714286
macro avg,0.8113227460082505,0.8135714285714285,0.8109624935447672,2800.0
weighted avg,0.8113227460082505,0.8135714285714286,0.810962493544767,2800.0
