,precision,recall,f1-score,support
1.0,0.7647058823529411,0.7878787878787878,0.7761194029850746,99.0
2.0,0.5619047619047619,0.5959595959595959,0.5784313725490197,99.0
3.0,0.7582417582417582,0.696969696969697,0.7263157894736842,99.0
4.0,0.9795918367346939,0.9696969696969697,0.9746192893401016,99.0
accuracy,0.7626262626262627,0.7626262626262627,0.7626262626262627,0.7626262626262627
macro avg,0.7661110598085388,0.7626262626262625,0.7638714635869701,396.0
weighted avg,0.7661110598085388,0.7626262626262627,0.76387146358697,396.0
