,precision,recall,f1-score,support
1.0,0.7635467980295566,0.7711442786069652,0.7673267326732673,201.0
2.0,0.681592039800995,0.681592039800995,0.681592039800995,201.0
3.0,0.7843137254901961,0.7960199004975125,0.7901234567901234,201.0
4.0,0.9693877551020408,0.945273631840796,0.9571788413098237,201.0
accuracy,0.7985074626865671,0.7985074626865671,0.7985074626865671,0.7985074626865671
macro avg,0.7997100796056971,0.7985074626865671,0.7990552676435523,804.0
weighted avg,0.7997100796056972,0.7985074626865671,0.7990552676435523,804.0
