,precision,recall,f1-score,support
1.0,0.7483049106225601,0.7357575757575757,0.7419782010797596,4950.0
2.0,0.5471541337764853,0.5321212121212121,0.5395329782875871,4950.0
3.0,0.7173871643496477,0.761010101010101,0.7385550436231741,4950.0
4.0,0.9747329498767461,0.9585858585858585,0.966591973925443,4950.0
accuracy,0.7468686868686869,0.7468686868686869,0.7468686868686869,0.7468686868686869
macro avg,0.7468947896563598,0.7468686868686869,0.7466645492289911,19800.0
weighted avg,0.7468947896563598,0.7468686868686869,0.7466645492289911,19800.0
