,precision,recall,f1-score,support
1.0,0.7436599715966727,0.729452736318408,0.7364878440827808,10050.0
2.0,0.5564151512106903,0.551044776119403,0.5537169424586312,10050.0
3.0,0.7271076276046645,0.7569154228855721,0.7417121684867395,10050.0
4.0,0.9723985091165508,0.9604975124378109,0.9664113730790409,10050.0
accuracy,0.7494776119402985,0.7494776119402985,0.7494776119402985,0.7494776119402985
macro avg,0.7498953148821446,0.7494776119402985,0.7495820820267981,40200.0
weighted avg,0.7498953148821446,0.7494776119402985,0.7495820820267981,40200.0
