,precision,recall,f1-score,support
1.0,0.7530759811067701,0.7379714285714286,0.7454471990533638,35000.0
2.0,0.5692178883852528,0.5633142857142858,0.5662507000588768,35000.0
3.0,0.7351642020357212,0.7656,0.7500734789850103,35000.0
4.0,0.9749537785994916,0.9642571428571428,0.9695759595495288,35000.0
accuracy,0.7577857142857143,0.7577857142857143,0.7577857142857143,0.7577857142857143
macro avg,0.758102962531809,0.7577857142857143,0.7578368344116948,140000.0
weighted avg,0.7581029625318089,0.7577857142857143,0.7578368344116949,140000.0
