,precision,recall,f1-score,support
1.0,0.8183187707140706,0.776,0.7965977416043408,3500.0
2.0,0.6249023183120604,0.6854285714285714,0.6537675432620248,3500.0
3.0,0.8132780082987552,0.784,0.7983706720977597,3500.0
4.0,0.9873125720876585,0.9782857142857143,0.9827784156142365,3500.0
accuracy,0.8059285714285714,0.8059285714285714,0.8059285714285714,0.8059285714285714
macro avg,0.8109529173531362,0.8059285714285714,0.8078785931445905,14000.0
weighted avg,0.8109529173531361,0.8059285714285714,0.8078785931445904,14000.0
