,precision,recall,f1-score,support
1.0,0.7974413646055437,0.7555555555555555,0.7759336099585062,495.0
2.0,0.6621621621621622,0.692929292929293,0.6771964461994077,495.0
3.0,0.8,0.7757575757575758,0.7876923076923077,495.0
4.0,0.9005847953216374,0.9333333333333333,0.9166666666666666,495.0
accuracy,0.7893939393939394,0.7893939393939394,0.7893939393939394,0.7893939393939394
macro avg,0.7900470805223359,0.7893939393939393,0.789372257629222,1980.0
weighted avg,0.7900470805223357,0.7893939393939394,0.789372257629222,1980.0
