,precision,recall,f1-score,support
1.0,0.837066584841976,0.7794285714285715,0.8072200029590176,3500.0
2.0,0.6788640087383944,0.7102857142857143,0.6942194917620776,3500.0
3.0,0.8091954022988506,0.8045714285714286,0.8068767908309455,3500.0
4.0,0.9272020005557099,0.9534285714285714,0.9401324130159178,3500.0
accuracy,0.8119285714285714,0.8119285714285714,0.8119285714285714,0.8119285714285714
macro avg,0.8130819991087327,0.8119285714285714,0.8121121746419896,14000.0
weighted avg,0.8130819991087327,0.8119285714285714,0.8121121746419896,14000.0
