,precision,recall,f1-score,support
1.0,0.8126361655773421,0.7535353535353535,0.7819706498951782,495.0
2.0,0.5922509225092251,0.6484848484848484,0.6190935390549662,495.0
3.0,0.7898989898989899,0.7898989898989899,0.7898989898989899,495.0
4.0,0.9958677685950413,0.9737373737373738,0.9846782431052093,495.0
accuracy,0.7914141414141415,0.7914141414141415,0.7914141414141415,0.7914141414141415
macro avg,0.7976634616451497,0.7914141414141415,0.7939103554885859,1980.0
weighted avg,0.7976634616451496,0.7914141414141415,0.7939103554885859,1980.0
