,precision,recall,f1-score,support
1.0,0.8326133909287257,0.7671641791044777,0.7985499741066805,1005.0
2.0,0.6948818897637795,0.7024875621890547,0.6986640277090549,1005.0
3.0,0.7959183673469388,0.8149253731343283,0.8053097345132744,1005.0
4.0,0.9122974261201144,0.9522388059701492,0.9318403115871471,1005.0
accuracy,0.8092039800995025,0.8092039800995025,0.8092039800995025,0.8092039800995025
macro avg,0.8089277685398896,0.8092039800995025,0.8085910119790392,4020.0
weighted avg,0.8089277685398896,0.8092039800995025,0.8085910119790393,4020.0
