,precision,recall,f1-score,support
1.0,0.8157894736842105,0.7711442786069652,0.7928388746803069,1005.0
2.0,0.6190900981266726,0.690547263681592,0.6528692380056444,1005.0
3.0,0.8098223615464994,0.7711442786069652,0.7900101936799184,1005.0
4.0,0.9889112903225806,0.9761194029850746,0.9824737105658488,1005.0
accuracy,0.8022388059701493,0.8022388059701493,0.8022388059701493,0.8022388059701493
macro avg,0.8084033059199908,0.8022388059701493,0.8045480042329296,4020.0
weighted avg,0.8084033059199908,0.8022388059701493,0.8045480042329296,4020.0
