,precision,recall,f1-score,support
1,0.5,0.26785714285714285,0.3488372093023256,56.0
2,0.43243243243243246,0.2711864406779661,0.3333333333333333,59.0
3,0.43956043956043955,0.6451612903225806,0.5228758169934641,62.0
4,0.32926829268292684,0.42857142857142855,0.3724137931034483,63.0
accuracy,0.4083333333333333,0.4083333333333333,0.4083333333333333,0.4083333333333333
macro avg,0.4253152911689497,0.40319407560727955,0.39436503818314284,240.0
weighted avg,0.42295901335535485,0.4083333333333333,0.3961746666946205,240.0
