,precision,recall,f1-score,support
1.0,0.36,0.225,0.27692307692307694,40.0
2.0,0.4166666666666667,0.125,0.19230769230769232,40.0
3.0,0.39759036144578314,0.825,0.5365853658536586,40.0
4.0,1.0,1.0,1.0,40.0
accuracy,0.54375,0.54375,0.54375,0.54375
macro avg,0.5435642570281125,0.54375,0.501454033771107,160.0
weighted avg,0.5435642570281125,0.54375,0.501454033771107,160.0
