,precision,recall,f1-score,support
1,0.2,0.06,0.09230769230769231,100.0
2,0.39855072463768115,0.55,0.46218487394957986,100.0
3,0.5,0.66,0.5689655172413793,100.0
4,1.0,1.0,1.0,100.0
accuracy,0.5675,0.5675,0.5675,0.5675
macro avg,0.5246376811594202,0.5675,0.5308645208746628,400.0
weighted avg,0.5246376811594203,0.5675,0.5308645208746628,400.0
