,precision,recall,f1-score,support
1.0,0.5263157894736842,0.5,0.5128205128205128,40.0
2.0,0.37777777777777777,0.425,0.4,40.0
3.0,0.7575757575757576,0.625,0.684931506849315,40.0
4.0,0.4090909090909091,0.45,0.42857142857142855,40.0
accuracy,0.5,0.5,0.5,0.5
macro avg,0.5176900584795322,0.5,0.506580862060314,160.0
weighted avg,0.5176900584795321,0.5,0.506580862060314,160.0
