,precision,recall,f1-score,support
1.0,0.4342857142857143,0.2714285714285714,0.33406593406593404,280.0
2.0,0.4606741573033708,0.14642857142857144,0.2222222222222222,280.0
3.0,0.3888888888888889,0.8,0.5233644859813084,280.0
4.0,1.0,1.0,1.0,280.0
accuracy,0.5544642857142857,0.5544642857142857,0.5544642857142857,0.5544642857142857
macro avg,0.5709621901194935,0.5544642857142857,0.5199131605673661,1120.0
weighted avg,0.5709621901194935,0.5544642857142857,0.5199131605673661,1120.0
