,precision,recall,f1-score,support
1.0,0.8215653239393476,0.7662857142857142,0.7929632640993421,7000.0
2.0,0.636247516321317,0.6404285714285715,0.6383311974939485,7000.0
3.0,0.7804122322511114,0.8275714285714286,0.8033002842681828,7000.0
4.0,0.9795772636389602,0.9798571428571429,0.9797171832595344,7000.0
accuracy,0.8035357142857142,0.8035357142857142,0.8035357142857142,0.8035357142857142
macro avg,0.8044505840376841,0.8035357142857142,0.803577982280252,28000.0
weighted avg,0.804450584037684,0.8035357142857142,0.8035779822802519,28000.0
