,precision,recall,f1-score,support
1.0,0.82212086659065,0.7282828282828283,0.7723620782003213,990.0
2.0,0.6185365853658537,0.6404040404040404,0.6292803970223325,990.0
3.0,0.7682926829268293,0.8272727272727273,0.796692607003891,990.0
4.0,0.9707661290322581,0.9727272727272728,0.9717457114026236,990.0
accuracy,0.7921717171717172,0.7921717171717172,0.7921717171717172,0.7921717171717172
macro avg,0.7949290659788977,0.7921717171717172,0.792520198407292,3960.0
weighted avg,0.7949290659788977,0.7921717171717172,0.792520198407292,3960.0
