,precision,recall,f1-score,support
1.0,0.8074807480748075,0.7303482587064677,0.7669801462904912,2010.0
2.0,0.6016221374045801,0.627363184079602,0.6142230881636629,2010.0
3.0,0.776570618800189,0.817910447761194,0.7967046280591229,2010.0
4.0,0.9785963165754107,0.9781094527363184,0.9783528240855934,2010.0
accuracy,0.7884328358208955,0.7884328358208955,0.7884328358208955,0.7884328358208955
macro avg,0.7910674552137469,0.7884328358208956,0.7890651716497177,8040.0
weighted avg,0.7910674552137469,0.7884328358208955,0.7890651716497176,8040.0
