,precision,recall,f1-score,support
1.0,0.6953482350910503,0.8016915422885572,0.7447428016823034,10050.0
2.0,0.5704714337921793,0.46597014925373137,0.5129525165671723,10050.0
3.0,0.7293376598587517,0.7603980099502488,0.7445440374123149,10050.0
4.0,0.9755188394116462,0.9634825870646766,0.9694633560272327,10050.0
accuracy,0.7478855721393035,0.7478855721393035,0.7478855721393035,0.7478855721393035
macro avg,0.7426690420384069,0.7478855721393036,0.7429256779222558,40200.0
weighted avg,0.7426690420384069,0.7478855721393035,0.7429256779222558,40200.0
