,precision,recall,f1-score,support
1.0,0.7037611283385016,0.8040571428571428,0.7505734250813464,35000.0
2.0,0.5820655405169097,0.4755142857142857,0.5234223892566792,35000.0
3.0,0.7325980392156862,0.7686,0.7501673173452315,35000.0
4.0,0.9746966771376697,0.9663142857142857,0.9704873814545403,35000.0
accuracy,0.7536214285714286,0.7536214285714286,0.7536214285714286,0.7536214285714286
macro avg,0.7482803463021918,0.7536214285714286,0.7486626282844493,140000.0
weighted avg,0.7482803463021918,0.7536214285714286,0.7486626282844493,140000.0
