,precision,recall,f1-score,support
1.0,0.7060488149982314,0.8064646464646464,0.7529234251225952,4950.0
2.0,0.5656970912738215,0.45575757575757575,0.5048109196688297,4950.0
3.0,0.7142857142857143,0.7626262626262627,0.7376648754274548,4950.0
4.0,0.9757849374102195,0.9606060606060606,0.9681360073297364,4950.0
accuracy,0.7463636363636363,0.7463636363636363,0.7463636363636363,0.7463636363636363
macro avg,0.7404541394919967,0.7463636363636363,0.740883806887154,19800.0
weighted avg,0.7404541394919967,0.7463636363636363,0.740883806887154,19800.0
