,precision,recall,f1-score,support
1,0.3081761006289308,0.5568181818181818,0.3967611336032389,88.0
2,0.0,0.0,0.0,91.0
3,0.46511627906976744,0.2247191011235955,0.30303030303030304,89.0
4,0.310126582278481,0.532608695652174,0.392,92.0
accuracy,0.3277777777777778,0.3277777777777778,0.3277777777777778,0.3277777777777778
macro avg,0.2708547404942948,0.3285364946484878,0.2729478591583855,360.0
weighted avg,0.26957358683937627,0.3277777777777778,0.27207965757439445,360.0
