,precision,recall,f1-score,support
1,0.3958333333333333,0.4318181818181818,0.41304347826086957,88.0
2,0.4065934065934066,0.4065934065934066,0.4065934065934066,91.0
3,0.39655172413793105,0.25842696629213485,0.3129251700680272,89.0
4,0.4608695652173913,0.5760869565217391,0.5120772946859904,92.0
accuracy,0.41944444444444445,0.41944444444444445,0.41944444444444445,0.41944444444444445
macro avg,0.4149620073205156,0.41823137780636555,0.4111598374020734,360.0
weighted avg,0.4153512132822478,0.41944444444444445,0.41197021481700574,360.0
