,precision,recall,f1-score,support
1,0.2,0.29,0.23673469387755103,100.0
2,0.21875,0.07,0.10606060606060606,100.0
3,0.3333333333333333,0.46,0.3865546218487395,100.0
4,0.23529411764705882,0.2,0.21621621621621623,100.0
accuracy,0.255,0.255,0.255,0.255
macro avg,0.24684436274509802,0.255,0.2363915345007782,400.0
weighted avg,0.24684436274509802,0.255,0.2363915345007782,400.0
