,precision,recall,f1-score,support
1.0,0.5478547854785478,0.5928571428571429,0.5694682675814752,280.0
2.0,0.5622641509433962,0.5321428571428571,0.5467889908256881,280.0
3.0,0.789272030651341,0.7357142857142858,0.7615526802218114,280.0
4.0,0.42955326460481097,0.44642857142857145,0.43782837127845886,280.0
accuracy,0.5767857142857142,0.5767857142857142,0.5767857142857142,0.5767857142857142
macro avg,0.5822360579195239,0.5767857142857143,0.5789095774768583,1120.0
weighted avg,0.5822360579195239,0.5767857142857142,0.5789095774768585,1120.0
