,precision,recall,f1-score,support
1,0.5416666666666666,0.5416666666666666,0.5416666666666666,24.0
2,0.0,0.0,0.0,25.0
3,0.4166666666666667,0.8695652173913043,0.5633802816901409,23.0
4,1.0,1.0,1.0,24.0
accuracy,0.59375,0.59375,0.59375,0.59375
macro avg,0.4895833333333333,0.6028079710144927,0.5262617370892019,96.0
weighted avg,0.4852430555555556,0.59375,0.5203931924882629,96.0
