,precision,recall,f1-score,support
1.0,0.7984189723320159,0.8161616161616162,0.8071928071928072,495.0
2.0,0.6681127982646421,0.6222222222222222,0.6443514644351465,495.0
3.0,0.7817836812144212,0.8323232323232324,0.8062622309197651,495.0
4.0,0.9938271604938271,0.9757575757575757,0.9847094801223242,495.0
accuracy,0.8116161616161616,0.8116161616161616,0.8116161616161616,0.8116161616161616
macro avg,0.8105356530762265,0.8116161616161616,0.8106289956675107,1980.0
weighted avg,0.8105356530762267,0.8116161616161616,0.8106289956675108,1980.0
