,precision,recall,f1-score,support
1.0,0.8030431107354185,0.8142857142857143,0.8086253369272237,3500.0
2.0,0.662013662013662,0.6368571428571429,0.6491917868064657,3500.0
3.0,0.8008874098724348,0.8251428571428572,0.8128342245989305,3500.0
4.0,0.9893617021276596,0.9831428571428571,0.9862424763542562,3500.0
accuracy,0.8148571428571428,0.8148571428571428,0.8148571428571428,0.8148571428571428
macro avg,0.8138264711872938,0.8148571428571428,0.8142234561717191,14000.0
weighted avg,0.8138264711872937,0.8148571428571428,0.8142234561717191,14000.0
