,precision,recall,f1-score,support
1.0,0.8121827411167513,0.7960199004975125,0.8040201005025126,1005.0
2.0,0.6442687747035574,0.6487562189054726,0.646504709965295,1005.0
3.0,0.7846003898635477,0.8009950248756219,0.792712949286066,1005.0
4.0,0.9889669007021064,0.981094527363184,0.985014985014985,1005.0
accuracy,0.8067164179104478,0.8067164179104478,0.8067164179104478,0.8067164179104478
macro avg,0.8075047015964907,0.8067164179104478,0.8070631861922146,4020.0
weighted avg,0.8075047015964907,0.8067164179104478,0.8070631861922146,4020.0
