,precision,recall,f1-score,support
1.0,0.7163934426229508,0.7491428571428571,0.7324022346368715,3500.0
2.0,0.6183745583038869,0.6,0.6090487238979119,3500.0
3.0,0.7506807866868381,0.7088571428571429,0.7291697281410727,3500.0
4.0,0.8911788953009069,0.9265714285714286,0.9085306065275248,3500.0
accuracy,0.7461428571428571,0.7461428571428571,0.7461428571428571,0.7461428571428571
macro avg,0.7441569207286457,0.7461428571428571,0.7447878233008453,14000.0
weighted avg,0.7441569207286457,0.7461428571428571,0.7447878233008453,14000.0
