,precision,recall,f1-score,support
1.0,0.4136093461774954,0.5765714285714286,0.48168039145482755,7000.0
2.0,0.3553273427471117,0.1977142857142857,0.25406149609912804,7000.0
3.0,0.4641096734442391,0.43042857142857144,0.4466350429884376,7000.0
4.0,0.7700827498408657,0.8641428571428571,0.8144059239313363,7000.0
accuracy,0.5172142857142857,0.5172142857142857,0.5172142857142857,0.5172142857142857
macro avg,0.5007822780524279,0.5172142857142857,0.4991957136184324,28000.0
weighted avg,0.500782278052428,0.5172142857142857,0.4991957136184323,28000.0
