,precision,recall,f1-score,support
1.0,0.39628591450595657,0.5626865671641791,0.46504934210526316,2010.0
2.0,0.3591417910447761,0.19154228855721392,0.24983776768332253,2010.0
3.0,0.42558886509635974,0.39552238805970147,0.4100051572975761,2010.0
4.0,0.763579697239537,0.8532338308457711,0.805921052631579,2010.0
accuracy,0.5007462686567165,0.5007462686567165,0.5007462686567165,0.5007462686567165
macro avg,0.48614906697165733,0.5007462686567163,0.4827033299294352,8040.0
weighted avg,0.4861490669716574,0.5007462686567165,0.4827033299294352,8040.0
