,precision,recall,f1-score,support
1.0,0.39070442992011617,0.5434343434343434,0.4545838614279679,990.0
2.0,0.34767025089605735,0.19595959595959597,0.25064599483204136,990.0
3.0,0.4340659340659341,0.398989898989899,0.41578947368421054,990.0
4.0,0.7542600896860987,0.8494949494949495,0.7990498812351544,990.0
accuracy,0.49696969696969695,0.49696969696969695,0.49696969696969695,0.49696969696969695
macro avg,0.4816751761420516,0.496969696969697,0.48001730279484356,3960.0
weighted avg,0.4816751761420516,0.49696969696969695,0.4800173027948435,3960.0
