,precision,recall,f1-score,support
1.0,0.7243589743589743,0.8071428571428572,0.7635135135135135,280.0
2.0,0.7198067632850241,0.5321428571428571,0.6119096509240246,280.0
3.0,0.9586466165413534,0.9107142857142857,0.9340659340659341,280.0
4.0,0.6029850746268657,0.7214285714285714,0.656910569105691,280.0
accuracy,0.7428571428571429,0.7428571428571429,0.7428571428571429,0.7428571428571429
macro avg,0.7514493572030545,0.7428571428571429,0.7415999169022908,1120.0
weighted avg,0.7514493572030544,0.7428571428571429,0.7415999169022908,1120.0
