,precision,recall,f1-score,support
1,0.42857142857142855,0.3333333333333333,0.375,9.0
2,0.6,0.46153846153846156,0.5217391304347826,13.0
3,0.625,0.625,0.625,8.0
4,0.4,0.6,0.48,10.0
accuracy,0.5,0.5,0.5,0.5
macro avg,0.5133928571428571,0.5049679487179487,0.5004347826086957,40.0
weighted avg,0.5164285714285715,0.5,0.49894021739130434,40.0
