,precision,recall,f1-score,support
1.0,0.8596491228070176,0.98,0.9158878504672897,50.0
2.0,0.9761904761904762,0.8367346938775511,0.9010989010989011,49.0
3.0,0.9791666666666666,0.94,0.9591836734693877,50.0
4.0,0.8823529411764706,0.9183673469387755,0.9,49.0
accuracy,0.9191919191919192,0.9191919191919192,0.9191919191919192,0.9191919191919192
macro avg,0.9243398017101577,0.9187755102040815,0.9190426062588947,198.0
weighted avg,0.924289984468003,0.9191919191919192,0.9192294058115151,198.0
