,precision,recall,f1-score,support
1.0,0.9403409090909091,0.9457142857142857,0.9430199430199431,350.0
2.0,0.9462686567164179,0.9057142857142857,0.9255474452554745,350.0
3.0,0.9710982658959537,0.96,0.9655172413793104,350.0
4.0,0.8991825613079019,0.9428571428571428,0.9205020920502092,350.0
accuracy,0.9385714285714286,0.9385714285714286,0.9385714285714286,0.9385714285714286
macro avg,0.9392225982527957,0.9385714285714286,0.9386466804262343,1400.0
weighted avg,0.9392225982527957,0.9385714285714286,0.9386466804262344,1400.0
