,precision,recall,f1-score,support
1.0,0.7045454545454546,0.775,0.7380952380952381,40.0
2.0,0.7692307692307693,0.5,0.6060606060606061,40.0
3.0,0.76,0.95,0.8444444444444444,40.0
4.0,1.0,1.0,1.0,40.0
accuracy,0.80625,0.80625,0.80625,0.80625
macro avg,0.808444055944056,0.8062499999999999,0.7971500721500722,160.0
weighted avg,0.8084440559440559,0.80625,0.7971500721500722,160.0
