,precision,recall,f1-score,support
1.0,0.6822157434402333,0.8357142857142857,0.7512038523274478,280.0
2.0,0.7365591397849462,0.48928571428571427,0.5879828326180258,280.0
3.0,0.819935691318328,0.9107142857142857,0.8629441624365483,280.0
4.0,1.0,1.0,1.0,280.0
accuracy,0.8089285714285714,0.8089285714285714,0.8089285714285714,0.8089285714285714
macro avg,0.8096776436358769,0.8089285714285714,0.8005327118455055,1120.0
weighted avg,0.8096776436358768,0.8089285714285714,0.8005327118455055,1120.0
