,precision,recall,f1-score,support
1.0,0.7586206896551724,0.55,0.6376811594202898,40.0
2.0,0.5833333333333334,0.525,0.5526315789473685,40.0
3.0,0.8043478260869565,0.925,0.8604651162790697,40.0
4.0,0.4489795918367347,0.55,0.4943820224719101,40.0
accuracy,0.6375,0.6375,0.6375,0.6375
macro avg,0.6488203602280492,0.6375,0.6362899692796594,160.0
weighted avg,0.6488203602280492,0.6375,0.6362899692796595,160.0
