,precision,recall,f1-score,support
1,0.38095238095238093,0.24,0.294478527607362,100.0
2,0.453125,0.29,0.35365853658536583,100.0
3,0.38,0.57,0.456,100.0
4,0.42276422764227645,0.52,0.4663677130044843,100.0
accuracy,0.405,0.405,0.405,0.405
macro avg,0.40921040214866433,0.405,0.392626194299303,400.0
weighted avg,0.4092104021486644,0.405,0.392626194299303,400.0
