,precision,recall,f1-score,support
1.0,0.8,0.7428571428571429,0.7703703703703704,280.0
2.0,0.7333333333333333,0.6678571428571428,0.6990654205607477,280.0
3.0,0.8273615635179153,0.9071428571428571,0.8654173764906303,280.0
4.0,0.6073825503355704,0.6464285714285715,0.6262975778546713,280.0
accuracy,0.7410714285714286,0.7410714285714286,0.7410714285714286,0.7410714285714286
macro avg,0.7420193617967047,0.7410714285714285,0.7402876863191049,1120.0
weighted avg,0.7420193617967047,0.7410714285714286,0.7402876863191049,1120.0
