,precision,recall,f1-score,support
1.0,0.827538247566064,0.85,0.8386187455954898,700.0
2.0,0.7190201729106628,0.7128571428571429,0.7159253945480631,700.0
3.0,0.8487874465049928,0.85,0.8493932905067809,700.0
4.0,0.9897959183673469,0.97,0.9797979797979798,700.0
accuracy,0.8457142857142858,0.8457142857142858,0.8457142857142858,0.8457142857142858
macro avg,0.8462854463372667,0.8457142857142856,0.8459338526120784,2800.0
weighted avg,0.8462854463372667,0.8457142857142858,0.8459338526120783,2800.0
