,precision,recall,f1-score,support
1.0,0.8173076923076923,0.845771144278607,0.8312958435207825,201.0
2.0,0.6813725490196079,0.6915422885572139,0.6864197530864198,201.0
3.0,0.8315789473684211,0.7860696517412935,0.8081841432225064,201.0
4.0,0.9702970297029703,0.9751243781094527,0.9727047146401985,201.0
accuracy,0.8246268656716418,0.8246268656716418,0.8246268656716418,0.8246268656716418
macro avg,0.8251390545996728,0.8246268656716418,0.8246511136174768,804.0
weighted avg,0.825139054599673,0.8246268656716418,0.8246511136174768,804.0
