,precision,recall,f1-score,support
1.0,0.817910447761194,0.7828571428571428,0.8,700.0
2.0,0.662807525325615,0.6542857142857142,0.6585190510424155,700.0
3.0,0.7714285714285715,0.81,0.7902439024390244,700.0
4.0,0.9474431818181818,0.9528571428571428,0.9501424501424501,700.0
accuracy,0.8,0.8,0.8,0.8
macro avg,0.7998974315833906,0.8,0.7997263509059724,2800.0
weighted avg,0.7998974315833906,0.8,0.7997263509059725,2800.0
