,precision,recall,f1-score,support
1.0,0.8207547169811321,0.8787878787878788,0.848780487804878,99.0
2.0,0.7244897959183674,0.7171717171717171,0.7208121827411168,99.0
3.0,0.875,0.8484848484848485,0.8615384615384616,99.0
4.0,1.0,0.9696969696969697,0.9846153846153847,99.0
accuracy,0.8535353535353535,0.8535353535353535,0.8535353535353535,0.8535353535353535
macro avg,0.8550611282248749,0.8535353535353536,0.8539366291749603,396.0
weighted avg,0.8550611282248748,0.8535353535353535,0.8539366291749603,396.0
