,precision,recall,f1-score,support
1.0,0.7589285714285714,0.8585858585858586,0.8056872037914692,198.0
2.0,0.7214285714285714,0.51010101010101,0.5976331360946746,198.0
3.0,0.7554585152838428,0.8737373737373737,0.810304449648712,198.0
4.0,0.9849246231155779,0.98989898989899,0.9874055415617129,198.0
accuracy,0.8080808080808081,0.8080808080808081,0.8080808080808081,0.8080808080808081
macro avg,0.8051850703141408,0.8080808080808081,0.800257582774142,792.0
weighted avg,0.8051850703141409,0.8080808080808081,0.8002575827741422,792.0
