,precision,recall,f1-score,support
1.0,0.745575221238938,0.8383084577114428,0.7892271662763466,402.0
2.0,0.6782334384858044,0.5348258706467661,0.5980528511821975,402.0
3.0,0.7620137299771167,0.8283582089552238,0.7938021454112039,402.0
4.0,0.9701492537313433,0.9701492537313433,0.9701492537313433,402.0
accuracy,0.792910447761194,0.792910447761194,0.792910447761194,0.792910447761194
macro avg,0.7889929108583006,0.792910447761194,0.7878078541502728,1608.0
weighted avg,0.7889929108583006,0.792910447761194,0.7878078541502728,1608.0
