,precision,recall,f1-score,support
1.0,0.7475062344139651,0.8564285714285714,0.7982689747003995,1400.0
2.0,0.7011385199240987,0.5278571428571428,0.6022819885900571,1400.0
3.0,0.7639429312581063,0.8414285714285714,0.8008157715839564,1400.0
4.0,0.9807142857142858,0.9807142857142858,0.9807142857142858,1400.0
accuracy,0.8016071428571429,0.8016071428571429,0.8016071428571429,0.8016071428571429
macro avg,0.798325492827614,0.801607142857143,0.7955202551471747,5600.0
weighted avg,0.7983254928276139,0.8016071428571429,0.7955202551471747,5600.0
