,precision,recall,f1-score,support
1.0,0.7898608784325151,0.7745714285714286,0.7821414403692885,14000.0
2.0,0.6219222160044767,0.6350714285714286,0.6284280463669777,14000.0
3.0,0.7769859568224691,0.7943571428571429,0.785575530674955,14000.0
4.0,0.9893134240960328,0.9654285714285714,0.9772250741088858,14000.0
accuracy,0.7923571428571429,0.7923571428571429,0.7923571428571429,0.7923571428571429
macro avg,0.7945206188388734,0.7923571428571429,0.7933425228800268,56000.0
weighted avg,0.7945206188388734,0.7923571428571429,0.7933425228800267,56000.0
