,precision,recall,f1-score,support
1.0,0.7507492507492507,0.759090909090909,0.7548970366649924,1980.0
2.0,0.5927758535378526,0.6050505050505051,0.598850287428143,1980.0
3.0,0.7778342653787493,0.7727272727272727,0.7752723587534837,1980.0
4.0,0.9849740932642487,0.9601010101010101,0.972378516624041,1980.0
accuracy,0.7742424242424243,0.7742424242424243,0.7742424242424243,0.7742424242424243
macro avg,0.7765833657325253,0.7742424242424243,0.7753495498676649,7920.0
weighted avg,0.7765833657325253,0.7742424242424243,0.775349549867665,7920.0
