,precision,recall,f1-score,support
1.0,0.7830212875096179,0.7594527363184079,0.7710569516353075,4020.0
2.0,0.6024154589371981,0.6203980099502487,0.6112745098039216,4020.0
3.0,0.765380859375,0.7798507462686567,0.7725480532281912,4020.0
4.0,0.988339670468948,0.9699004975124378,0.9790332705586943,4020.0
accuracy,0.7824004975124378,0.7824004975124378,0.7824004975124378,0.7824004975124378
macro avg,0.7847893190726909,0.7824004975124378,0.7834781963065287,16080.0
weighted avg,0.784789319072691,0.7824004975124378,0.7834781963065286,16080.0
