,precision,recall,f1-score,support
1.0,0.775,0.775,0.775,40.0
2.0,0.6666666666666666,0.6,0.631578947368421,40.0
3.0,0.8181818181818182,0.9,0.8571428571428571,40.0
4.0,1.0,1.0,1.0,40.0
accuracy,0.81875,0.81875,0.81875,0.81875
macro avg,0.8149621212121212,0.81875,0.8159304511278196,160.0
weighted avg,0.8149621212121211,0.81875,0.8159304511278196,160.0
