,precision,recall,f1-score,support
1.0,0.759493670886076,0.8571428571428571,0.8053691275167785,280.0
2.0,0.7717842323651453,0.6642857142857143,0.7140115163147792,280.0
3.0,0.8939929328621908,0.9035714285714286,0.8987566607460036,280.0
4.0,1.0,1.0,1.0,280.0
accuracy,0.85625,0.85625,0.85625,0.85625
macro avg,0.856317709028353,0.85625,0.8545343261443903,1120.0
weighted avg,0.856317709028353,0.85625,0.8545343261443904,1120.0
