,precision,recall,f1-score,support
1,0.4154929577464789,0.59,0.48760330578512395,100.0
2,0.5909090909090909,0.13,0.21311475409836064,100.0
3,0.5887850467289719,0.63,0.6086956521739131,100.0
4,0.4186046511627907,0.54,0.47161572052401746,100.0
accuracy,0.4725,0.4725,0.4725,0.4725
macro avg,0.5034479366368331,0.47250000000000003,0.4452573581453538,400.0
weighted avg,0.5034479366368331,0.4725,0.4452573581453537,400.0
