,precision,recall,f1-score,support
1,0.5421686746987951,0.9,0.6766917293233082,100.0
2,0.5428571428571428,0.19,0.2814814814814815,100.0
3,0.797979797979798,0.79,0.7939698492462312,100.0
4,1.0,1.0,1.0,100.0
accuracy,0.72,0.72,0.72,0.72
macro avg,0.720751403883934,0.72,0.6880357650127552,400.0
weighted avg,0.7207514038839341,0.72,0.6880357650127553,400.0
