,precision,recall,f1-score,support
1,0.2125,0.34,0.26153846153846155,100.0
2,0.4489795918367347,0.22,0.2953020134228188,100.0
3,0.29069767441860467,0.25,0.26881720430107525,100.0
4,0.11428571428571428,0.12,0.11707317073170732,100.0
accuracy,0.2325,0.2325,0.2325,0.2325
macro avg,0.2666157451352634,0.2325,0.23568271249851572,400.0
weighted avg,0.26661574513526337,0.2325,0.23568271249851575,400.0
