,precision,recall,f1-score,support
1.0,0.8031762561832856,0.7674129353233831,0.7848874189034474,4020.0
2.0,0.6317273193234239,0.6131840796019901,0.6223175965665236,4020.0
3.0,0.7632311977715878,0.817910447761194,0.7896253602305475,4020.0
4.0,0.9749317448498387,0.9771144278606965,0.9760218660703193,4020.0
accuracy,0.7939054726368159,0.7939054726368159,0.7939054726368159,0.7939054726368159
macro avg,0.7932666295320339,0.793905472636816,0.7932130604427095,16080.0
weighted avg,0.7932666295320339,0.7939054726368159,0.7932130604427095,16080.0
