,precision,recall,f1-score,support
1.0,0.8018720748829953,0.7787878787878788,0.7901614142966948,1980.0
2.0,0.6331084587441619,0.6161616161616161,0.6245200921423086,1980.0
3.0,0.7807692307692308,0.8202020202020202,0.8,1980.0
4.0,0.9748743718592965,0.9797979797979798,0.9773299748110831,1980.0
accuracy,0.7987373737373737,0.7987373737373737,0.7987373737373737,0.7987373737373737
macro avg,0.797656034063921,0.7987373737373736,0.7980028703125216,7920.0
weighted avg,0.7976560340639212,0.7987373737373737,0.7980028703125217,7920.0
