,precision,recall,f1-score,support
1.0,0.8058564278777919,0.7705714285714286,0.787819038229817,14000.0
2.0,0.6372218969555035,0.6219285714285714,0.6294823597455177,14000.0
3.0,0.7728581954585035,0.8241428571428572,0.7976770714507934,14000.0
4.0,0.9795292439372325,0.9809285714285715,0.9802284082798002,14000.0
accuracy,0.7993928571428571,0.7993928571428571,0.7993928571428571,0.7993928571428571
macro avg,0.7988664410572578,0.7993928571428572,0.798801719426482,56000.0
weighted avg,0.7988664410572579,0.7993928571428571,0.798801719426482,56000.0
