,precision,recall,f1-score,support
1.0,0.8071065989847716,0.7910447761194029,0.7989949748743719,402.0
2.0,0.6926952141057935,0.6840796019900498,0.688360450563204,402.0
3.0,0.7831325301204819,0.8084577114427861,0.795593635250918,402.0
4.0,0.9402985074626866,0.9402985074626866,0.9402985074626866,402.0
accuracy,0.8059701492537313,0.8059701492537313,0.8059701492537313,0.8059701492537313
macro avg,0.8058082126684334,0.8059701492537314,0.805811892037795,1608.0
weighted avg,0.8058082126684333,0.8059701492537313,0.8058118920377951,1608.0
