,precision,recall,f1-score,support
1.0,0.7971428571428572,0.7971428571428572,0.7971428571428572,700.0
2.0,0.6738816738816739,0.6671428571428571,0.6704953338119167,700.0
3.0,0.7956204379562044,0.7785714285714286,0.7870036101083032,700.0
4.0,0.9293628808864266,0.9585714285714285,0.9437412095639943,700.0
accuracy,0.8003571428571429,0.8003571428571429,0.8003571428571429,0.8003571428571429
macro avg,0.7990019624667904,0.8003571428571429,0.7995957526567679,2800.0
weighted avg,0.7990019624667906,0.8003571428571429,0.7995957526567677,2800.0
