,precision,recall,f1-score,support
1.0,0.7535545023696683,0.7910447761194029,0.7718446601941747,201.0
2.0,0.696969696969697,0.6865671641791045,0.6917293233082706,201.0
3.0,0.8,0.7761194029850746,0.7878787878787878,201.0
4.0,0.955,0.9502487562189055,0.9526184538653366,201.0
accuracy,0.8009950248756219,0.8009950248756219,0.8009950248756219,0.8009950248756219
macro avg,0.8013810498348413,0.8009950248756219,0.8010178063116424,804.0
weighted avg,0.8013810498348413,0.8009950248756219,0.8010178063116425,804.0
