,precision,recall,f1-score,support
1.0,0.9047619047619048,0.95,0.926829268292683,100.0
2.0,0.898876404494382,0.7920792079207921,0.8421052631578947,101.0
3.0,0.9897959183673469,0.97,0.9797979797979798,100.0
4.0,0.8454545454545455,0.9207920792079208,0.8815165876777251,101.0
accuracy,0.9079601990049752,0.9079601990049752,0.9079601990049752,0.9079601990049752
macro avg,0.9097221932695447,0.9082178217821781,0.9075622747315706,402.0
weighted avg,0.9095353439247932,0.9079601990049752,0.9073346560782684,402.0
