,precision,recall,f1-score,support
1.0,0.8462709284627092,0.7942857142857143,0.819454679439941,1400.0
2.0,0.6727150537634409,0.715,0.693213296398892,1400.0
3.0,0.7991391678622669,0.7957142857142857,0.7974230493915533,1400.0
4.0,0.9501424501424501,0.9528571428571428,0.9514978601997147,1400.0
accuracy,0.8144642857142858,0.8144642857142858,0.8144642857142858,0.8144642857142858
macro avg,0.8170669000577168,0.8144642857142858,0.8153972213575252,5600.0
weighted avg,0.8170669000577169,0.8144642857142858,0.8153972213575252,5600.0
