,precision,recall,f1-score,support
1.0,0.8540540540540541,0.797979797979798,0.825065274151436,198.0
2.0,0.6589861751152074,0.7222222222222222,0.689156626506024,198.0
3.0,0.783068783068783,0.7474747474747475,0.7648578811369509,198.0
4.0,0.945273631840796,0.9595959595959596,0.9523809523809523,198.0
accuracy,0.8068181818181818,0.8068181818181818,0.8068181818181818,0.8068181818181818
macro avg,0.8103456610197102,0.8068181818181819,0.8078651835438408,792.0
weighted avg,0.8103456610197103,0.8068181818181818,0.8078651835438408,792.0
