,precision,recall,f1-score,support
1.0,0.7884615384615384,0.8282828282828283,0.8078817733990148,99.0
2.0,0.6153846153846154,0.6464646464646465,0.6305418719211823,99.0
3.0,0.7777777777777778,0.7070707070707071,0.7407407407407407,99.0
4.0,0.9795918367346939,0.9696969696969697,0.9746192893401016,99.0
accuracy,0.7878787878787878,0.7878787878787878,0.7878787878787878,0.7878787878787878
macro avg,0.7903039420896563,0.787878787878788,0.7884459188502599,396.0
weighted avg,0.7903039420896564,0.7878787878787878,0.7884459188502598,396.0
