,precision,recall,f1-score,support
1,0.2872340425531915,0.54,0.375,100.0
2,0.7368421052631579,0.14,0.23529411764705882,100.0
3,0.21666666666666667,0.13,0.1625,100.0
4,0.21804511278195488,0.29,0.24892703862660945,100.0
accuracy,0.275,0.275,0.275,0.275
macro avg,0.36469698181624277,0.275,0.2554302890684171,400.0
weighted avg,0.3646969818162427,0.275,0.255430289068417,400.0
