,precision,recall,f1-score,support
1.0,0.6764705882352942,0.575,0.6216216216216216,40.0
2.0,0.64,0.4,0.49230769230769234,40.0
3.0,0.8837209302325582,0.95,0.9156626506024096,40.0
4.0,0.46551724137931033,0.675,0.5510204081632653,40.0
accuracy,0.65,0.65,0.65,0.65
macro avg,0.6664271899617906,0.6499999999999999,0.6451530931737471,160.0
weighted avg,0.6664271899617906,0.65,0.6451530931737471,160.0
