,precision,recall,f1-score,support
1.0,0.5165289256198347,0.26785714285714285,0.3527751646284102,1400.0
2.0,0.3420924574209246,0.5021428571428571,0.40694645441389293,1400.0
3.0,0.43262927895120173,0.42428571428571427,0.428416877028489,1400.0
4.0,0.8416320885200553,0.8692857142857143,0.8552354181307098,1400.0
accuracy,0.5158928571428572,0.5158928571428572,0.5158928571428572,0.5158928571428572
macro avg,0.5332206876280041,0.5158928571428572,0.5108434785503755,5600.0
weighted avg,0.5332206876280041,0.5158928571428572,0.5108434785503754,5600.0
