,precision,recall,f1-score,support
1.0,0.4372093023255814,0.23383084577114427,0.3047001620745543,402.0
2.0,0.33560477001703576,0.4900497512437811,0.39838220424671383,402.0
3.0,0.44168734491315137,0.4427860696517413,0.4422360248447205,402.0
4.0,0.8461538461538461,0.8482587064676617,0.8472049689440994,402.0
accuracy,0.503731343283582,0.503731343283582,0.503731343283582,0.503731343283582
macro avg,0.5151638158524037,0.503731343283582,0.49813084002752206,1608.0
weighted avg,0.5151638158524036,0.503731343283582,0.49813084002752195,1608.0
