,precision,recall,f1-score,support
1.0,0.5287356321839081,0.23232323232323232,0.32280701754385965,198.0
2.0,0.3602941176470588,0.494949494949495,0.41702127659574467,198.0
3.0,0.40271493212669685,0.4494949494949495,0.42482100238663484,198.0
4.0,0.8018867924528302,0.8585858585858586,0.8292682926829268,198.0
accuracy,0.5088383838383839,0.5088383838383839,0.5088383838383839,0.5088383838383839
macro avg,0.5234078686026234,0.5088383838383839,0.4984793973022915,792.0
weighted avg,0.5234078686026234,0.5088383838383839,0.4984793973022915,792.0
