,precision,recall,f1-score,support
1.0,0.8025316455696202,0.7885572139303483,0.795483061480552,402.0
2.0,0.6909547738693468,0.6840796019900498,0.6875,402.0
3.0,0.7858880778588808,0.8034825870646766,0.7945879458794588,402.0
4.0,0.9356435643564357,0.9402985074626866,0.9379652605459057,402.0
accuracy,0.8041044776119403,0.8041044776119403,0.8041044776119403,0.8041044776119403
macro avg,0.8037545154135709,0.8041044776119404,0.8038840669764791,1608.0
weighted avg,0.8037545154135709,0.8041044776119403,0.8038840669764791,1608.0
