,precision,recall,f1-score,support
1,1.0,0.09090909090909091,0.16666666666666669,11.0
2,0.2777777777777778,1.0,0.4347826086956522,5.0
3,1.0,0.6666666666666666,0.8,9.0
4,1.0,1.0,1.0,7.0
accuracy,0.59375,0.59375,0.59375,0.59375
macro avg,0.8194444444444444,0.6893939393939393,0.6003623188405798,32.0
weighted avg,0.8871527777777778,0.59375,0.5689764492753624,32.0
