,precision,recall,f1-score,support
1.0,0.42749947891336065,0.4395,0.4334166872116367,14000.0
2.0,0.3385522436947265,0.36914285714285716,0.35318640013668207,14000.0
3.0,0.4391008886565604,0.36,0.39563545019232277,14000.0
4.0,0.7869348762109796,0.8355,0.8104905764966741,14000.0
accuracy,0.5010357142857143,0.5010357142857143,0.5010357142857143,0.5010357142857143
macro avg,0.4980218718689068,0.5010357142857144,0.4981822785093289,56000.0
weighted avg,0.49802187186890673,0.5010357142857143,0.49818227850932895,56000.0
