,precision,recall,f1-score,support
1.0,0.39181003149987886,0.40223880597014927,0.39695593469988955,4020.0
2.0,0.3267168605977641,0.3562189054726368,0.3408306557181959,4020.0
3.0,0.40858554663372454,0.3291044776119403,0.36456324056213835,4020.0
4.0,0.765466297322253,0.8248756218905473,0.7940613026819924,4020.0
accuracy,0.4781094527363184,0.4781094527363184,0.4781094527363184,0.4781094527363184
macro avg,0.47314468401340515,0.4781094527363184,0.474102783415554,16080.0
weighted avg,0.47314468401340515,0.4781094527363184,0.474102783415554,16080.0
