,precision,recall,f1-score,support
1.0,0.3955512572533849,0.4131313131313131,0.4041501976284585,1980.0
2.0,0.32903225806451614,0.3606060606060606,0.34409638554216865,1980.0
3.0,0.3934010152284264,0.31313131313131315,0.34870641169853767,1980.0
4.0,0.7663817663817664,0.8151515151515152,0.7900146842878121,1980.0
accuracy,0.4755050505050505,0.4755050505050505,0.4755050505050505,0.4755050505050505
macro avg,0.4710915742320234,0.4755050505050505,0.4717419197892442,7920.0
weighted avg,0.47109157423202347,0.4755050505050505,0.4717419197892442,7920.0
