,precision,recall,f1-score,support
1,0.4909090909090909,0.42857142857142855,0.4576271186440678,63.0
2,0.55,0.29333333333333333,0.3826086956521739,75.0
3,0.5308641975308642,0.6142857142857143,0.5695364238410596,70.0
4,0.38461538461538464,0.5555555555555556,0.45454545454545453,72.0
accuracy,0.4714285714285714,0.4714285714285714,0.4714285714285714,0.4714285714285714
macro avg,0.489097168263835,0.47293650793650793,0.46607942317068896,280.0
weighted avg,0.489393122309789,0.4714285714285714,0.46471779658798645,280.0
