,precision,recall,f1-score,support
1.0,0.4168260038240918,0.4404040404040404,0.42829076620825146,495.0
2.0,0.3561643835616438,0.36767676767676766,0.36182902584493043,495.0
3.0,0.4630541871921182,0.3797979797979798,0.41731409544950054,495.0
4.0,0.7981481481481482,0.8707070707070707,0.8328502415458937,495.0
accuracy,0.5146464646464647,0.5146464646464647,0.5146464646464647,0.5146464646464647
macro avg,0.5085481806815005,0.5146464646464647,0.510071032262144,1980.0
weighted avg,0.5085481806815004,0.5146464646464647,0.510071032262144,1980.0
