,precision,recall,f1-score,support
1.0,0.4023508137432188,0.4427860696517413,0.42160113690194223,1005.0
2.0,0.3559488692232055,0.36019900497512436,0.3580613254203759,1005.0
3.0,0.46079613992762364,0.3800995024875622,0.41657579062159217,1005.0
4.0,0.8127340823970037,0.863681592039801,0.8374336710082007,1005.0
accuracy,0.5116915422885572,0.5116915422885572,0.5116915422885572,0.5116915422885572
macro avg,0.507957476322763,0.5116915422885572,0.5084179809880277,4020.0
weighted avg,0.5079574763227629,0.5116915422885572,0.5084179809880277,4020.0
