,precision,recall,f1-score,support
1.0,0.6958250497017893,0.7070707070707071,0.7014028056112225,495.0
2.0,0.5774946921443737,0.5494949494949495,0.5631469979296067,495.0
3.0,0.7154639175257732,0.701010101010101,0.7081632653061225,495.0
4.0,0.8848368522072937,0.9313131313131313,0.90748031496063,495.0
accuracy,0.7222222222222222,0.7222222222222222,0.7222222222222222,0.7222222222222222
macro avg,0.7184051278948075,0.7222222222222222,0.7200483459518954,1980.0
weighted avg,0.7184051278948075,0.7222222222222222,0.7200483459518954,1980.0
