,precision,recall,f1-score,support
1.0,0.4361337898340795,0.47314285714285714,0.4538851582842264,3500.0
2.0,0.3615819209039548,0.384,0.37245392822502427,3500.0
3.0,0.5048543689320388,0.3862857142857143,0.4376820977662674,3500.0
4.0,0.8035714285714286,0.8742857142857143,0.8374384236453202,3500.0
accuracy,0.5294285714285715,0.5294285714285715,0.5294285714285715,0.5294285714285715
macro avg,0.5265353770603755,0.5294285714285715,0.5253649019802096,14000.0
weighted avg,0.5265353770603755,0.5294285714285715,0.5253649019802096,14000.0
