,precision,recall,f1-score,support
1.0,0.6948669201520913,0.727363184079602,0.7107438016528925,1005.0
2.0,0.5840080971659919,0.5741293532338309,0.5790265930757652,1005.0
3.0,0.7356687898089171,0.6895522388059702,0.711864406779661,1005.0
4.0,0.8815028901734104,0.9104477611940298,0.895741556534508,1005.0
accuracy,0.7253731343283583,0.7253731343283583,0.7253731343283583,0.7253731343283583
macro avg,0.7240116743251027,0.7253731343283583,0.7243440895107066,4020.0
weighted avg,0.7240116743251027,0.7253731343283583,0.7243440895107067,4020.0
