,precision,recall,f1-score,support
1,0.5263157894736842,0.5263157894736842,0.5263157894736842,19.0
2,0.375,0.3333333333333333,0.35294117647058826,18.0
3,0.631578947368421,0.6,0.6153846153846154,20.0
4,0.46153846153846156,0.5217391304347826,0.4897959183673469,23.0
accuracy,0.5,0.5,0.5,0.5
macro avg,0.49860829959514175,0.4953470633104501,0.4961093749240587,80.0
weighted avg,0.49996204453441295,0.5,0.49907424508264847,80.0
