,precision,recall,f1-score,support
1,0.49333333333333335,0.5,0.4966442953020134,74.0
2,0.4788732394366197,0.4146341463414634,0.4444444444444444,82.0
3,0.47761194029850745,0.3902439024390244,0.42953020134228187,82.0
4,0.4766355140186916,0.6219512195121951,0.5396825396825397,82.0
accuracy,0.48125,0.48125,0.48125,0.48125
macro avg,0.481613506771788,0.4817073170731707,0.4775753701928198,320.0
weighted avg,0.48132051110774937,0.48125,0.47709864706509003,320.0
